,index,city,climate_index,cost_of_living_index,health_care_index,pollution_index,property_price_to_income_ratio,purchasing_power_index,safety_index,traffic_commute_time_index,quality_of_life_index
0,1380,Aachen,87.19,63.22,80.91,34.97,11.15,125.89,66.5,23.55,192.47
0,1266,Aalborg,81.94,75.9,75.88,13.73,6.23,115.07,74.7,24.62,205.76
0,227,Aarhus-Denmark,81.2,75.19,79.28,26.63,7.17,124.33,78.31,29.58,200.43
0,2310,Aberdeen,82.55,64.27,80.29,27.14,3.6,156.27,63.38,31.5,209.97
0,860,Abu-Dhabi,43.89,54.91,72,45.48,5.78,152.81,88.17,29.86,192.11
0,598,Abuja,79.42,,60.96,57.7,,,41.64,50.25,
0,344,Accra,67.03,32.28,57.11,90.08,343.79,16.28,55.43,52.5,0
0,2240,Adana,88.99,32.48,79.97,38.66,6.9,72.59,44.1,27.89,162.87
0,2056,Ad-Dammam,27.34,45.93,60.18,56.05,2.57,137.28,70.3,27.95,164.74
0,270,Addis-Ababa,96.82,49.88,53.79,74.58,54.24,10.15,50.72,70.62,38.94
0,32,Adelaide,94.96,76.81,73.94,24.29,7.91,106.22,67.68,35.46,188.04
0,935,Aden-Yemen,75.72,,52.78,90.95,16.92,,51.47,15,
0,552,Agadir,96.21,29.58,46.77,37.2,19.33,35.53,65.21,29,136
0,1985,Aguadilla-Puerto-Rico,83.47,,63.89,26.55,,,54.39,30,
0,1470,Ahmedabad,49.27,23.13,67.15,72.46,7.68,63.76,67.87,39.04,124.9
0,384,Akureyri,58.34,,65.74,30.23,4.64,,80.3,18,
0,2378,Albuquerque,67.06,63.99,62.76,33.85,2.85,143.31,28.35,27,173.64
0,801,Aleppo-Syria,90.08,26.71,32.87,73.85,36.46,8.14,26.09,37,52.61
0,246,Alexandria,95.5,18.47,45.34,73.48,14.95,17.85,54.94,43.98,96.8
0,2273,Al-Fujayrah-United-Arab-Emirates,36.1,,85.12,19.25,2.04,,85.53,39.25,
0,8,Algiers,94.82,30.67,57.15,67.75,26.61,28.88,48.42,51.2,89.79
0,2130,Alicante,95.25,46.16,83.95,37.99,7.74,80.8,69.7,23,183.31
0,436,Almaty,58.3,35.78,48.73,78.37,12.29,45.44,46.34,39.73,92.29
0,1824,Almere,86.36,63.11,66.79,19.54,6.13,118.76,68.86,32.92,195.51
0,1030,Al-Muharraq,63.99,,83.33,70.5,,,66.76,20,
0,432,Amman,89.05,43.19,65.09,77.25,7.91,42.88,61.46,40.28,119.74
0,582,Amsterdam,87.45,68.98,78.88,23.8,10.39,117.2,71.6,23.01,198.73
0,2400,Anchorage,41.61,85.12,61.47,15.69,2.89,130.81,37.01,26.11,174.38
0,12,Andorra-La-Vella,,53.2,76.85,36.84,8.91,112.31,88.45,13.33,
0,840,Ankara,91.49,34.23,69.16,65.05,10.15,53.9,60.39,36.25,134.85
0,967,Annaba-Algeria,97.28,,76.85,95.69,12.93,,36.56,15,
0,2396,Ann-Arbor,56.8,,79.67,28.07,3.2,,77.23,26.71,
0,2248,Antalya,91.52,36.4,72.34,43.77,14.4,37.82,71.01,34.93,145.39
0,492,Antananarivo,99.27,27.17,37.06,93.04,21.92,13.31,39.38,31.75,70.39
0,68,Antwerp,85.42,66.9,80.29,59.03,7.55,99.47,60.02,37,158.29
0,2026,Arad,81.36,,54.86,40.09,10.66,,70.7,23.2,
0,643,Arequipa-Peru,83.9,27.72,68.52,82.36,11.6,34.33,55.89,33,111.28
0,2212,Arima,66.68,,61.11,53.45,,,43.95,120,
0,1830,Arnhem,84.53,65.91,80.07,11.3,4.52,157.22,67.97,30.75,223.06
0,1556,Ashdod,94.68,68.53,70.56,54.89,16.1,72.21,67.87,62.67,131.72
0,844,Ashgabat,64.68,107.18,47.62,40.36,30,16.68,60.22,19,100.27
0,1884,Asker,59.99,,41.67,0,11.49,,89.45,11.67,
0,1528,As-Sulaymaniyah,,32.88,55.26,43.04,6.82,46.48,76.9,22.5,
0,1612,Astana,21.26,33.59,66.96,54.81,8.1,46.73,66.93,33.64,121.21
0,638,Asuncion,92.24,26.91,63.74,68.62,9.64,39.68,48.59,43.59,116.54
0,348,Athens,95.18,54.38,56.98,56.69,14.94,52.01,44.13,38.84,119.8
0,868,Atlanta,89.73,78.03,67.14,45.87,2.56,161.27,36.04,41.88,177.41
0,586,Auckland,99.89,69.98,70.17,31.11,10,128.28,50.08,37.43,181.27
0,1378,Augsburg,75.93,64.33,70.61,24.14,9.83,111.47,68.4,46.86,176.55
0,870,Austin,82.08,68.14,67.44,42.14,2.92,161.75,58.51,35.77,192.58
0,400,Baghdad,36.5,32.68,35.05,92.23,17.2,39.53,44.35,52.6,55.92
0,48,Baku,91.4,33.19,47.71,74.35,14.03,37.92,69.5,36.3,114.4
0,1500,Bali,64.28,33.64,61.89,77.51,28.36,17.15,50.54,24,82.92
0,2328,Baltimore,81.24,74.99,74.38,52.01,2.34,121.61,24.88,31.47,157.67
0,100,Bandar-Seri-Begawan,56.98,42.61,76.34,33.09,7.5,125.79,72.58,27.11,188.76
0,1462,Bangalore,89.39,26.04,64.99,82.99,6.68,161.99,45.62,53.55,152.01
0,816,Bangkok,58.39,40.44,76.66,77.86,29,39.86,60.02,45.59,88.33
0,141,Bangui-Central-African-Republic,72.09,,34.26,84.83,,,18.02,5,
0,88,Banja-Luka,82.77,37.89,46.8,55.62,14.79,51.41,65.34,22.22,132.78
0,2086,Banska-Bystrica,,,71.3,43.97,22.75,,77.52,16,
0,774,Barcelona,95.73,53.59,76.92,63.63,11.63,89.94,48.63,30.52,148.3
0,1572,Bari,95.02,54.12,50.14,48.39,8.76,84.59,49.63,16.5,155.7
0,1202,Barranquilla,54.07,31.49,63.21,51.31,15.29,30.67,33.62,35.5,101.99
0,2166,Basel,82.82,107.41,73.64,25.97,6.87,178.15,73.96,26.84,216.96
0,255,Bata-Equatorial-Guinea,,,38.89,72.41,,,42.79,26,
0,314,Batumi,92.86,31.8,65.18,46.87,10.82,37.93,81.68,42.55,146.52
0,1986,Bayamon,71.25,,29.17,62.36,,,25.57,10,
0,1560,Beersheba,94.69,,67.59,64.47,7.62,,53.45,17.5,
0,152,Beijing,57.64,36.01,68.69,77.85,31.99,103.62,73.6,43.59,115.66
0,464,Beirut,94.74,46.19,64.57,93.88,33.78,20.12,53.5,39.55,71.44
0,1507,Bekasi-Indonesia,64.94,,76.98,69.17,9.32,,62.54,60,
0,2308,Belfast,90.84,62.45,72.26,26.41,4.32,111.18,53.88,38.03,183.41
0,736,Belgrade,84.14,43.19,53.4,68.04,18.8,49.67,61.9,36.4,113.55
0,72,Belize-City,67.93,,52.31,64.01,,,32.09,0,
0,74,Belmopan,68.24,,35.42,41.38,,,54.12,16,
0,1096,Belo-Horizonte,98.5,32.32,64.65,52.05,17.56,28.08,39.45,43.55,112.39
0,477,Benghazi-Libya,95.91,21.57,37.08,65.52,5.29,41.95,43.62,23.67,122.43
0,610,Bergen,78.83,82.78,76.11,20.15,8.16,93.01,74.95,23.39,189.83
0,318,Berlin,83.35,65.82,67.54,38.75,10.77,121.17,55.45,33.73,170.94
0,796,Bern,75.97,103.17,73.42,17.53,8.9,154.23,78.99,28.06,210.94
0,1956,Bialystok,76.22,39.83,57.48,42.29,11.77,68.72,77.74,25.33,158.14
0,1372,Bielefeld,84.83,65.65,67.42,44.05,7.15,98.01,63.54,20.83,172.71
0,2120,Bilbao,95.65,51.79,85.82,28.49,8.86,100.36,47.94,31.18,181.71
0,512,Birkirkara,98.2,60.41,79.63,83.33,9.41,68.12,55.67,14,141.67
0,2278,Birmingham,87.66,61.12,72.14,49.39,7.21,116.94,36.35,33.27,160.15
0,452,Bishkek,58.11,29.02,54.53,73.87,14.29,28.6,45.61,30.78,93.6
0,606,Bitola,80.97,34.32,56.36,62.15,10.39,39.49,71.13,17.38,136.95
0,1368,Bochum,,64.72,59.52,37.82,7.87,99.96,72.23,23,
0,198,Bogota,97.12,31.86,65.18,70.2,22.05,30.2,33.49,51.98,89.25
0,2390,Boise,65.11,63.76,81.43,29.95,4.31,160,64.72,22.5,208.73
0,1570,Bologna,88.12,64.59,76.43,59.82,11.49,68.95,52.4,32.75,139.53
0,1374,Bonn,84.85,65.58,73.52,20.13,7.04,110,59.15,23.11,192.69
0,2160,Boras,72.64,,72.92,48.28,6,,53.58,48.5,
0,282,Bordeaux,93.3,67.97,83.29,39.05,11.23,97.03,50.64,28.73,170.12
0,872,Boston,71.73,87.47,72.88,29.79,6.24,124.46,59.54,44.31,175.61
0,1978,Braga,96.61,43.98,75.77,22.16,8.46,58.69,65.51,15.6,183.31
0,2024,Braila,80.42,35.95,27.78,70.4,8.13,54.69,34.63,13.5,111.7
0,1162,Brampton,59.24,,67.43,36.92,9.12,,44.91,44.7,
0,96,Brasilia,98.97,33.8,51.82,29.96,17.78,41.85,40.64,30.61,134.34
0,2014,Brasov,,40,52.73,33.93,11.93,57.81,74.68,18.36,
0,746,Bratislava,80.72,50.86,55.64,37.28,15.94,73.75,69.37,30.62,152.16
0,1826,Breda,85.66,64.68,85.19,20.13,5.47,145.27,84.07,31.6,221.62
0,320,Bremen,83.08,64.53,73.48,22.6,7.65,132.23,52.66,32.3,190.99
0,1062,Brest,93.14,56.64,83.89,44.54,5.33,120.71,39.86,31.33,176.46
0,1063,Brest-Belarus,74.17,,44.91,50.62,9.98,,54.56,37.5,
0,60,Bridgetown,71.34,73.36,69.91,18.53,12.32,53.12,58.03,36.67,151.66
0,2314,Brighton,89.65,68.49,74.64,26.37,12.13,96.6,60.35,35.62,174.19
0,34,Brisbane,98.07,67.85,74.62,28.33,8.49,132.74,63.3,40.48,192.88
0,2288,Bristol,88.51,63.58,71.6,46.46,8.82,106.57,57.88,31.18,167.97
0,222,Brno,78.17,44.88,76.3,40.25,13.19,94.22,74.51,26.01,174.01
0,2320,Brooklyn,79.66,86.51,64.65,50.59,9.13,109.29,55.35,44.56,150.02
0,70,Brussels,83.85,68.19,73.55,61.58,7.16,103.62,44.38,36.81,147.57
0,1206,Bucaramanga,97.37,28.74,68.95,52.34,14.02,43.71,47.01,36.2,131.14
0,662,Bucharest,75.61,42.21,54.73,75.21,9.43,73.01,71.95,40.91,128.03
0,380,Budapest,78.41,45.16,52.11,53.1,13.86,66.9,66,38.96,133.48
0,1786,Budva,89.65,43.97,44.84,22.57,17.36,43.92,72.78,20,154.97
0,24,Buenos-Aires,98.28,32.25,68.39,51.76,22.89,33.28,36.54,49.79,106.18
0,113,Bujumbura-Burundi,,,53.7,67.53,,,47.93,46,
0,1120,Burgas,87.37,39.01,56.11,46.28,8.83,62.01,61.36,17.73,154.6
0,2234,Bursa,93.39,30.95,77.8,47.11,8.98,60.59,70.36,33.83,161.27
0,766,Busan,79.22,58.91,91.67,53.5,15.54,117.17,77.48,45.33,168.91
0,1952,Bydgoszcz,77.29,43.53,63.67,56.31,11.49,64.79,67.42,32.75,141.1
0,249,Cairo-Egypt,88.45,20.83,46.04,90.78,17.81,18.06,49.33,49.93,74.4
0,128,Calgary,33.09,70.69,74.4,23.38,4.2,118.84,61.59,28.95,177.79
0,1200,Cali,93.2,32.56,70.31,42.05,10.88,39.39,28.29,33.92,129.96
0,1180,Cambridge,91.37,68.16,75.52,31.4,9.44,122.49,70.29,34.3,190.47
0,1181,Cambridge-Canada,50.84,,60.02,44.03,,,46.66,32.83,
0,992,Canberra,82.72,80.47,72.41,22.76,9.24,102.71,73.71,35.13,184.45
0,2441,Can-Tho-Vietnam,,,66.67,43.97,,,76.47,5,
0,762,Cape-Town,98.19,34.28,68.82,38.73,5.33,104.95,26.16,42.55,159.46
0,924,Caracas,99.93,43.63,38.13,73.87,28.57,11.19,18.13,33.71,63.07
0,1204,Cartagena,55.95,37.9,51.85,50.57,,33.62,47.41,30,
0,554,Casablanca,98.08,33.3,45.04,81.88,15.85,37.62,44.7,44.5,92.09
0,1972,Cascais,98.35,,82.05,38.51,15.61,,76.42,12,
0,709,Castries-Saint-Lucia,70.66,,54.17,46.22,0.33,,43.18,7,
0,1574,Catania,93.96,49.83,56.05,71.33,5.59,67.49,41.69,32.64,127.13
0,2090,Celje,76.84,,70.56,40,9.78,,67.37,35,
0,1256,Ceske-Budejovice,79.16,49.06,89.72,43.1,11.16,78.57,80.94,35,171.88
0,2210,Chaguanas,66.25,,66.67,88.45,,,25.82,33.33,
0,1490,Chandigarh,,21.39,62.85,51.03,11.68,96.33,56.79,31.81,
0,155,Changsha-China,,33.48,70.37,57.73,24.21,69.59,80.53,33.33,
0,1069,Charleroi-Belgium,86.46,,65.28,66.85,5.91,,36.86,45.2,
0,2352,Charlotte,84.05,77.22,69.21,35.26,3.86,123.99,52.88,36.64,178.33
0,2032,Chelyabinsk,23.62,23.89,57.28,85.66,11.32,54.14,54.08,28.11,94.61
0,156,Chengdu,91.18,30.56,65.7,72.88,18.17,79.74,79.63,38.93,139.11
0,1464,Chennai,53.22,22.08,69.4,74.69,9.12,100.23,60.08,46.69,131.17
0,818,Chiang-Mai,75.93,31.78,84.77,77.79,17.17,41.56,77.98,24.92,130.16
0,874,Chicago,66.11,82.07,65.25,50.48,3.27,120.95,33.96,41.79,147.47
0,1756,Chisinau,76.91,36.75,51.44,63.46,10.38,45.51,57.66,28.46,122.65
0,56,Chittagong,74.52,21.88,50.23,80.65,9.56,38,36.06,69.25,78.03
0,158,Chongqing,91.6,28.22,64.58,75.16,17.15,75.89,78.75,46.88,132.58
0,1836,Christchurch,88.79,63.79,75.94,24.36,4.35,129.14,55.53,22.75,201.06
0,2344,Cincinnati,73.24,59.58,67.74,42.99,4.06,152.23,51.84,27.18,186.05
0,2348,Cleveland,73.11,71.66,80.3,37.61,1.53,114.26,35.92,33.74,169.51
0,1492,Coimbatore,78.1,20.43,68.73,63.06,10.25,51.33,61.99,47,127.23
0,1980,Coimbra,97.45,,82.38,30.12,10.16,,78.82,23.06,
0,322,Cologne,84.85,64.6,72.78,38.42,8.67,113.15,57.56,35.94,172.72
0,780,Colombo,59.11,36.8,71.21,60.39,43.06,17.84,57.97,59.83,67.39
0,2382,Colorado-Springs,51.44,73.18,61.1,30.19,2.78,133.15,58.06,26.02,180.65
0,2350,Columbus,71.29,71.89,70.98,30.63,4.12,120,50.66,30.58,178.46
0,1182,Concepcion,96.65,,65.42,42.66,19.05,,45.79,36.38,
0,2010,Constanta,82.83,43.19,36.12,70.64,12.18,42.63,52.39,21.38,111.03
0,959,Constantine-Algeria,84.71,,33.33,54.74,24.33,,55.95,58.67,
0,228,Copenhagen,83.74,77.51,76.82,21.26,8.46,118.21,74.15,27.97,198.63
0,26,Cordoba,99.95,33.46,71.13,66.48,10.51,43.46,38.09,33.14,123.46
0,404,Cork,89.78,70.49,55.99,26.43,6.02,107.95,64.13,33.91,179.92
0,77,Cotonou-Benin,61.89,,51.39,87.93,,,64.69,26,
0,2215,Couva-Trinidad-And-Tobago,,,55.56,58.62,,,22.06,64.5,
0,2306,Coventry,91.52,60.59,53.84,49.65,4.4,161.88,35.15,27.92,176.85
0,2016,Craiova,78.24,38.27,46.86,53.01,11.25,54.91,55.79,21.57,133.48
0,1209,Cucuta-Colombia,80.03,30.44,69.44,63.79,25.96,29.02,35.59,47,88.82
0,1288,Cuenca,98.36,32.67,78.29,46.96,13.33,39.8,54.5,35.2,141.77
0,1106,Curitiba,99.6,31.78,66.85,31.25,17.27,39.67,37.83,32.74,137.07
0,1929,Cusco-Peru,82.03,,36.11,32.76,,,59.14,25,
0,1965,Czestochowa-Poland,70.73,,54.89,47.7,8.12,,87.38,35,
0,1638,Daegu,73.18,,75,64.98,17.04,,74.13,24.33,
0,1642,Daejeon,58.45,54.84,90.28,55.15,11.16,114.67,86.96,36.83,173.12
0,732,Dakar,85.64,44.12,48.38,97.07,28.4,17.54,55.71,25,72.74
0,160,Dalian,63.7,30.79,75,62.16,17.41,65.88,83.42,30,142.36
0,876,Dallas,81.85,72.96,66.15,41.91,2.73,158.16,48.12,35.18,185.51
0,802,Damascus,70.11,27.52,37.3,70,153.52,5.08,30.55,41.67,0
0,928,Da-Nang,70.79,28.5,82.13,54.3,16.59,40.95,75.42,27.11,141.34
0,812,Dar-Es-Salaam,71.28,26.62,52.86,71.91,116.57,22.18,43.88,29.33,0
0,461,Daugavpils-Latvia,64.24,,75,41.38,4.26,,63.31,12,
0,1936,Davao,58.57,31.87,73.2,55.61,23.07,37.63,72.4,27.21,123.12
0,1916,David,66.56,42.46,80.19,35.59,7.78,61.83,71.17,66.5,145.58
0,382,Debrecen,79.07,40.77,57.55,39.04,11.39,64.56,75.95,20.53,161.42
0,1834,Delft,87.81,62.88,77.78,26.43,9.81,110.27,76.71,25.4,196.43
0,1458,Delhi,58.9,24.3,66.68,90.24,8.38,117.91,41.05,57.81,114.12
0,878,Denver,56.28,77.63,69.73,44.26,4.48,125.89,52.93,35.99,163.73
0,880,Detroit,66.03,71.94,62.72,60.73,1.22,133.38,25.85,44.19,142.38
0,58,Dhaka,71.29,25.55,40.18,94.18,14.34,32.19,37.51,61.39,61.09
0,822,Dili,,,44.78,62.96,6.71,,57.93,25,
0,1089,Doboj-Bosnia-And-Herzegovina,,,30.56,40.52,13.16,,58.5,120,
0,660,Doha,36.03,52.88,73.26,59.88,5.56,137.66,84.69,29.31,173.3
0,2255,Donetsk-Ukraine,,,43.75,79.74,,,29.35,35,
0,1199,Dongguan-China,81.8,33.13,58.33,78.51,26.46,74.64,66.57,40,111.63
0,324,Dortmund,85.45,68.13,77.13,32.54,4.8,103.06,51.35,25.73,180.07
0,124,Douala,59.46,49.21,37.98,96.14,48.31,7.39,29.68,40,15.49
0,1880,Drammen,62.04,,62.25,18.93,7.51,,75.94,18.75,
0,326,Dresden,81.42,62.54,81.12,24.22,7.42,123.97,68.2,24.81,201.04
0,862,Dubai,50.27,60.43,69.68,48.66,4.77,124.81,84.02,36.27,175.18
0,406,Dublin,85.89,71.39,51.17,41.33,9.42,100.05,46.9,40.62,148.15
0,1367,Duisburg-Germany,89.61,62.52,63.19,60,5.79,105.7,42.67,52.33,140.55
0,1846,Dunedin,,,72.24,18.2,3.96,,74.3,21.5,
0,2108,Durban,95.61,31.96,58.57,53.07,4.14,84.7,19.44,25.5,143.43
0,947,Durres-Albania,86.28,,11.11,77.24,9.33,,70.55,30,
0,808,Dushanbe,75.22,27.36,61.11,53.49,22.09,15.26,57.27,27,110.27
0,1362,Dusseldorf,86.37,66.96,74.81,31.92,9.64,121.39,65.12,28.18,188.12
0,2114,East-London,98.61,,64.81,56.85,,,24.13,24.25,
0,1747,Ecatepec-Mexico,,,34.03,88.55,5.38,,20.09,130,
0,2300,Edinburgh,84.01,70.52,77.59,28.05,8.18,107.84,68.76,30.96,187.15
0,1154,Edmonton,32.11,63.08,77.33,28.78,3.91,119.45,53.4,28.09,172.67
0,1820,Eindhoven,85.38,63.06,79.03,18.75,5.69,139.34,78.14,24.05,218.35
0,957,Elbasan-Albania,86.28,,30.56,0,7.35,,50.55,80,
0,1533,Erbil-Iraq,57.46,34.87,48.97,68.52,7.63,44.16,69.29,26.25,121.13
0,1386,Erlangen,78.84,65.43,80.32,23.04,5.91,186.83,81.02,8.75,241.47
0,1268,Esbjerg,80.25,,66.67,5.17,2.33,,64.29,13.5,
0,1514,Esfahan,55.78,23.96,56.02,57.59,20.36,24.35,64.89,35.8,104.13
0,278,Espoo,59.49,75.18,66.42,12.72,11.41,103.85,81.39,29.71,186.37
0,330,Essen,89.61,68.81,85.73,26.52,6.19,117.34,52.38,42,185.54
0,1900,Faisalabad,73.55,,57.99,81.75,15.9,,59.18,38.8,
0,1793,Fes-Morocco,86.51,,62.07,64.94,6.73,,36.36,52,
0,412,Florence,92.45,63.39,68.28,45.23,14.39,66.05,60.15,29.29,149.1
0,1116,Florianopolis,97,34.9,60.88,40.28,16.91,41.62,52.39,45.23,129.66
0,1098,Fortaleza,80.35,33.26,51.89,56.51,23.63,19.92,25.23,43.4,81.79
0,2402,Fort-Lauderdale,84.25,74.83,68.09,29.31,4.11,142.64,50.39,32.18,190.35
0,2372,Fort-Worth,81.56,71.18,64.62,53.43,2.39,149.57,57.22,25.19,183.75
0,162,Foshan,80.64,,49.07,70.69,18.91,,58.4,17,
0,332,Frankfurt,84.72,64.43,75.89,33.79,8.04,138.56,53.53,24.16,191.69
0,1883,Fredrikstad-Norway,68.61,,95.83,27.59,9.74,,58.76,25,
0,1382,Freiburg-Im-Breisgau,85.86,66.11,72.14,15.53,13.58,113.83,66.19,25.88,192.62
0,1592,Fukuoka,86.35,48.93,80,41.24,12.2,84.01,82.83,38.17,172.14
0,94,Gaborone,88.87,31.42,61.72,44.1,209.72,40.35,44.48,28.53,0
0,2018,Galati,76.43,36.16,24.65,56.44,9.83,49.2,51.84,19.67,120.03
0,1536,Galway,90.11,62.41,48.71,21.7,6.29,105.06,68.79,31.33,183.27
0,1948,Gdansk,75.51,42.25,51.02,52.55,12.04,95.04,67.26,30.08,150.88
0,1960,Gdynia,75.51,43.9,56.45,30.58,12.49,94.31,77.35,29.05,172.36
0,2164,Geneva,82.61,103.91,70.87,24.85,12.46,146.92,69.24,30.11,194.8
0,1568,Genoa,95,61.68,67.18,50.87,5.57,84.12,54.95,34.83,156.59
0,1066,Gent,88.72,64.61,79.92,37.59,6.77,116.12,73.92,36.69,188.32
0,368,Georgetown,65.81,44.32,35.45,68.1,29.73,27.83,29.48,52,56.43
0,500,George-Town,58.15,26.41,77.19,55.46,7.18,93.78,72.36,25,164.66
0,1484,Ghaziabad,65.98,20.85,56.81,92.1,9,66.43,40.96,58.75,89.9
0,1298,Giza,88.45,,62.58,101.44,13.27,,41.47,50,
0,755,Gizo-Solomon-Islands,59.63,60.23,44.44,103.45,944.88,17.18,27.94,36.67,0
0,2290,Glasgow,84.78,66.34,78.98,34.22,5.18,118.17,54.91,31.31,184.29
0,1110,Goiania,95.46,33.32,68.47,38.26,14.46,31.38,38.07,29.31,132.84
0,36,Gold-Coast,97.73,69.73,79.24,23.54,9.63,134.69,53.07,27.22,198.78
0,64,Gomel,67.07,,41.15,58.16,,,52.19,38,
0,792,Gothenburg,77.49,62.23,67.26,19.67,8.28,123.38,53.55,25.35,188.58
0,44,Graz,73.93,64.77,76.51,38.38,10.34,108.9,72.94,30.52,177.61
0,284,Grenoble,81.62,64.14,75.15,56.87,7.66,109.04,40,25.26,156.26
0,1822,Groningen,83.55,60.76,77.3,18.68,4.85,126.01,78.64,20.28,214.98
0,528,Guadalajara,92.83,42.79,80.04,58.51,14.43,47.1,37.54,41.81,121.95
0,164,Guangzhou,80.3,34.06,67.18,69.91,31.93,83.8,70.17,37.46,121.57
0,1115,Guarulhos-Brazil,99.34,,60.71,46.83,20.27,,36.01,61.6,
0,356,Guatemala-City,99.89,41.41,63.69,72.81,13.4,29.56,37.99,50.28,98.37
0,242,Guayaquil,86.21,37.68,51.19,71.08,13.1,40.47,25.49,37.4,95.2
0,1904,Gujranwala,73.61,,32.41,86.77,,,63.56,10,
0,1494,Gurgaon,59.87,25.65,65.12,90.8,7.89,126.09,46.37,35.42,130.92
0,1438,Gyor,79.82,,59.26,21.7,11.23,,70.27,24.33,
0,1832,Haarlem,88.21,69.6,78.94,23.86,10.55,94.27,75.63,27.14,189.52
0,1550,Haifa,93.57,64.63,74.1,71.51,9.46,110.91,73.18,27.59,164.4
0,1168,Halifax,58.99,68.1,66.49,24.11,9.53,90.78,58.84,31.38,163.88
0,334,Hamburg,82.75,69.32,74.92,29.11,11.57,111.06,57.51,33,176.33
0,1158,Hamilton,61.06,66.77,75.86,59.51,29.57,92.53,44.77,36.15,116.1
0,166,Hangzhou,84.29,34.41,69.76,66.51,26.78,77.97,83.42,37,135.84
0,930,Hanoi,79.04,30.03,57.75,89.43,20.45,40.95,64.66,28.55,100.82
0,2404,Hanover,83.48,65.58,69.68,24.89,7.04,111.32,53.9,21.68,186.14
0,944,Harare,96.76,39.33,42.39,82,17.75,28.07,38.68,29.73,88.57
0,2201,Hat-Yai-Thailand,59.83,,83.33,25,,,72.79,10,
0,214,Havana,89.86,50.38,54.51,58.08,55.29,1.82,67.91,46.67,64.06
0,1384,Heidelberg,82.49,67.75,80.21,15.77,10.41,134.38,75.71,29.27,208.85
0,2162,Helsingborg,78.69,55.92,91.12,43.68,4.02,157.65,44.42,20.83,198.8
0,280,Helsinki,62.79,67.99,80,12.48,10.32,112.05,75.62,24.91,197.66
0,1000,Hobart,90.62,75.74,69.17,15.77,9.45,109.53,66.47,27.2,193.79
0,932,Ho-Chi-Minh-City,63.44,31.06,61.13,92.5,32.86,37.93,48.01,31.86,71.21
0,1562,Holon,95.46,62.83,70.69,58.12,11.25,110,63.8,9,175.22
0,1420,Hong-Kong,83.64,71.18,65.96,67.01,28.38,112.03,78.32,41.91,137.11
0,757,Honiara-Solomon-Islands,56.9,,45.83,78.2,689.65,,33.85,36.67,
0,2394,Honolulu,95.33,88.89,72.87,37.08,10.67,92.22,52.06,41.59,158.77
0,1272,Horsens,77.78,71.28,91.67,78.45,3.6,97.69,81.05,26,166.16
0,882,Houston,85.53,65.77,68.76,56.84,2.39,158.11,36.34,41.62,169.76
0,1258,Hradec-Kralove,77.14,46.7,85.19,28.79,12.87,92.35,79.33,19.75,189.78
0,1058,Hrodna,,,52.78,40.23,8.75,,57.92,23,
0,2449,Hue-Vietnam,65.78,27.61,91.67,8.62,22.59,30.47,87.82,7,180.1
0,1466,Hyderabad,73.54,23.2,65.34,76.15,4.97,124.77,56.77,42.41,149.68
0,2008,Iasi,73.04,38.03,56.33,58.94,10.37,60.7,68.05,33.67,134.89
0,1851,Ibadan-Nigeria,71.84,22.94,57.64,85.34,18.94,10.2,41.65,63,62.28
0,1636,Incheon,72.43,54.99,96.3,62.61,17.26,106.62,70.95,16.25,168.16
0,2340,Indianapolis,69.92,69.64,69.77,43.17,1.83,161.44,39.83,29.54,183.36
0,1008,Innsbruck,74.57,66.32,77.32,22.98,20.1,89.84,74.24,25.45,174.07
0,998,Ipswich,86.41,,72.92,32.85,8.9,,60.15,20.1,
0,999,Ipswich-Australia,96.3,,81.94,25.86,,,40.62,20,
0,1601,Irbid-Jordan,93.33,33.05,94.44,75.96,5.23,44.12,58.7,14,149.71
0,667,Irkutsk-Russia,4.64,31.73,57.65,51.92,14.49,46.13,50.09,29.5,101.07
0,2398,Irvine,96.82,78.52,77.49,34.32,5.95,166.07,76.17,22.95,219.62
0,618,Islamabad,76.91,20.23,64.91,41.28,14.87,30.91,68.76,36.51,135.67
0,842,Istanbul,93.02,39.12,69.99,68.14,15.07,48.54,52.16,51.42,114.38
0,2232,Izmir,96.88,35.21,73.12,60.25,10.6,51.17,67.56,39.86,141.57
0,2356,Jacksonville,87.81,68.64,72.57,38.68,4.53,128.85,43.93,34.76,177.24
0,1476,Jaipur,57.76,21.34,72.54,61.07,7.1,83.22,65.76,42.25,143.36
0,392,Jakarta,63.76,30.35,57.18,84.83,14.46,47.16,47.37,53.08,86.08
0,729,Jeddah-Saudi-Arabia,66.17,46.16,60.44,66.71,3.72,125.76,73.72,30.46,165.36
0,408,Jerusalem,93.88,64.03,72.34,60.87,21.31,88.67,63.03,39.81,139.01
0,171,Jinan-China,66.62,30.72,59.72,78.04,17.28,70.47,82.44,50,118.13
0,2100,Johannesburg,91.38,37.34,60.34,61.74,2.84,103.26,19.17,40.96,137.27
0,771,Juba-South-Sudan,,,23.61,61.49,,,19.67,0,
0,1681,Jurmala-Latvia,67.05,,78.97,16.28,,,64.67,21.75,
0,1342,Jyvaskyla,46.21,62.84,63.3,6.29,4.49,116.42,79.91,22.2,201.18
0,0,Kabul,,,26.16,89.71,9.61,,21.05,56.17,
0,2227,Kairouan-Tunisia,81.62,,5.56,58.62,,,20.1,17.5,
0,2038,Kaliningrad,73.69,28.91,58.44,47.02,16.56,42.83,67.72,30.08,133.1
0,854,Kampala,98.41,29.46,48.85,87.32,136.77,17.98,44.66,43.13,0
0,783,Kandy-Sri-Lanka,69.18,32.21,82.14,64.85,6.96,30.56,58.62,46.29,120.89
0,1478,Kanpur,69.24,18.7,65.83,88.25,13.38,62.56,52.32,31.5,110.76
0,2346,Kansas-City,75.08,67.82,73.53,32.5,2.74,147.27,41.48,28.05,188.87
0,804,Kaohsiung,78.82,45.2,88.11,80.51,15.52,66.26,78.03,25.08,140.78
0,620,Karachi,71.32,18.91,56.53,89.42,12.88,27.97,43.5,42.54,83.67
0,1517,Karaj-Iran,68.78,31.02,38.45,73.48,19.26,20.02,38.88,48.75,70.03
0,1226,Karlovac,83.86,,72.22,15.17,11.76,,83.86,12,
0,578,Kathmandu,92.64,26.61,55.29,95.66,35.46,25.39,63.34,35.29,75.29
0,1958,Katowice,72.49,44.03,52.94,61.27,8.24,82.4,65.04,32.29,141.18
0,484,Kaunas,68.94,47.48,74.58,25.82,10.57,75.1,62.19,24.48,169.17
0,1595,Kawasaki-Japan,,,77.78,30,,,88.24,85,
0,2245,Kayseri-Turkey,65.66,,55.95,73.54,5.36,,65.81,22.71,
0,668,Kazan,39.56,29.41,66.44,58.46,17.64,50.54,69.02,36.65,116.6
0,1445,Kecskemet-Hungary,78.18,,61.81,27.59,,,85.64,45,
0,2193,Keelung-Taiwan,87.26,,77.78,63.72,4.33,,93.16,30,
0,1801,Kenitra-Morocco,96.96,,49.44,83.76,,,57.49,40.33,
0,856,Kharkiv,65.35,26.03,49.21,56.94,13.38,38.01,52.47,38.18,109.87
0,784,Khartoum,32.95,,46.78,75.98,24.64,,60.95,38.33,
0,2198,Khon-Kaen,69.73,,67.78,64.63,11.11,,59.58,10,
0,1049,Khulna-Bangladesh,,21.56,80.56,51.07,6.4,31.41,48.02,25,
0,702,Kigali,99.74,27.22,71.07,39.22,344.3,23.44,74.86,15.67,0
0,420,Kingston,57.34,67.97,74.58,25.7,6.94,119.27,60.99,40.78,175.89
0,421,Kingston-Jamaica,71.58,58.14,51.15,72.11,19.01,28.15,30.19,52.56,71.5
0,1527,Kirkuk-Iraq,,,77.78,52.87,4.9,,47.06,10,
0,1627,Kisumu-Kenya,97.59,,44.44,0,,,89.71,20,
0,1166,Kitchener,50.39,62.97,65.33,27.27,7.03,118.95,57.99,25.44,175.27
0,1011,Klagenfurt-Austria,74.35,69.51,62.22,29.6,11.66,74.3,64.14,25.83,160.2
0,1698,Klaipeda,74.05,47.84,76.77,28.18,9.85,74.94,61.98,12,176.93
0,1724,Klang,56.55,27.6,62.69,80.06,11.06,56.63,44.15,26.67,108.13
0,1596,Kobe,87.2,,86.67,24.01,,,83.12,48,
0,1496,Kochi,58.87,19.98,63.71,71.77,20.87,71.93,58.57,41.43,111.74
0,1275,Kolding-Denmark,80.32,,84.03,2.59,4.54,,88.6,35,
0,1460,Kolkata,60.9,21.29,59.77,78.41,8.46,65.2,54.05,59.44,104.72
0,2236,Konya,73.73,,69.68,76.49,5.02,,59.5,36.83,
0,2094,Koper,90.7,,72.62,7.43,15.18,,85.31,33.5,
0,2076,Kosice,75.54,,61.3,49.92,13.08,,68.84,20.11,
0,1423,Kowloon-Hong-Kong,83.64,71.18,65.96,67.01,28.38,112.03,78.32,41.91,137.11
0,2066,Kragujevac,,36.57,57.64,59.31,13.16,52.37,65.91,22.83,
0,651,Krakow-Poland,73.86,45.18,57.84,70.7,12.35,88.07,74.16,31.63,140.24
0,2092,Kranj,76.77,,65.18,15.57,,,72.25,22.67,
0,670,Krasnodar,78.72,29.81,48.46,56.52,15.93,48.49,66.39,52.11,115.57
0,672,Krasnoyarsk,9.5,29.1,49.34,83.62,16.71,43.96,55.76,43.41,71.29
0,1876,Kristiansand,72.77,,75.56,10.31,5.34,,55.35,41.25,
0,502,Kuala-Lumpur,56.55,34.62,68.36,65.38,7.55,97.29,38.65,41.58,129.04
0,1730,Kuantan,58.15,,54.17,47.9,3.18,,69.87,0,
0,1860,Kumanovo,78.37,,31.71,98.35,11.66,,47.94,35,
0,347,Kumasi-Ghana,74.7,,83.33,63.1,,,61.74,3,
0,1344,Kuopio,44.79,63.27,82.22,16.78,5.73,103.83,83.34,24,195.78
0,450,Kuwait-City,20.22,44.36,57.75,70.16,9.93,121.53,70.21,34.55,135.14
0,859,Kyiv-Ukraine,69.95,29.08,57.78,64.87,18.14,42.67,54.76,43.09,105.03
0,424,Kyoto,84.41,51.87,83.33,38.15,14.3,95.49,85.6,33.33,180.87
0,1237,Kyrenia-Cyprus,86.01,,77.78,53.45,6.21,,88.35,27.67,
0,635,Lae-Papua-New-Guinea,,,13.89,58.62,,,21.93,8,
0,600,Lagos,60.75,36.16,47.49,89,18.23,12.4,31.75,68.77,44.52
0,1896,Lahore,67.56,19.37,61.58,78.74,13.6,30.11,63.54,34.72,105.58
0,1346,Lahti,55.91,64.45,59.85,14.07,5.42,110.22,52.28,40,171.56
0,84,La-Paz,55.46,30.09,47.01,75.36,12.05,40.38,39.56,52.67,81.59
0,1230,Larnaca,94.95,59.01,58.82,50.34,10.14,55.78,71.6,41.2,143.09
0,2126,Las-Palmas,99.17,45.43,74.37,39.29,6.81,77.05,72.58,13.67,185.54
0,2326,Las-Vegas,57.4,69.93,54.12,51.99,3.44,133.57,44.44,27.42,157.63
0,2168,Lausanne,73.3,108.32,73.54,20.7,10.44,134.07,73.11,24.68,196.63
0,1170,Laval,53.29,,53.77,20.65,,,47.4,30,
0,2284,Leeds,84.59,61.93,80.68,45.11,7.6,124.19,56.1,30,179.33
0,2296,Leicester,88.28,64.72,72.53,35,6.05,87.22,53.87,32.54,168.14
0,338,Leipzig,82.33,62.22,70.96,22.02,7.85,108.81,58.68,27.24,186.32
0,590,Leon,37.94,,73.15,57.45,3.65,,29.52,35.75,
0,1252,Liberec,85.53,47.83,82.61,31.03,10.7,80.22,69.26,24.8,179.7
0,307,Libreville-Gabon,68.21,,31.48,76.47,73.32,,42.24,16.35,
0,1070,Liege,84.7,67.76,78.61,53.26,5.3,103.53,39.21,31.17,157.52
0,1677,Liepaja-Latvia,74.05,,55.56,11.06,6.47,,55.67,19,
0,286,Lille,87.78,63.58,80.63,51.61,12.51,100.28,49.14,35.18,155.32
0,498,Lilongwe,98.58,,34.72,81.38,101.22,,52.5,20.34,
0,644,Lima,97.69,34.86,58.09,85.3,15.78,32.37,29.09,50.13,82.1
0,218,Limassol,95.74,58.88,51.26,59.46,11.15,69.31,62.76,20.57,144.56
0,1540,Limerick,90.75,60.69,45.96,32.45,5.58,95.62,58.36,27.57,169
0,2158,Linkoping,74.45,59.86,75,11.95,8.03,129.79,59.08,20,204.29
0,1002,Linz,78.95,66.91,76.87,33.65,8.54,106.05,70.99,25.9,184.37
0,654,Lisbon,98.59,50.79,73.44,35.12,19.7,53.88,70.19,34.61,153.39
0,2294,Liverpool,90.87,64.77,82.65,30.19,5.1,108.14,51.59,32.2,184.6
0,750,Ljubljana,76.11,52.74,66.96,22.54,13.51,78.29,78.9,26.04,176.09
0,1944,Lodz,77.02,42.13,56.57,58.32,8.13,77.47,60.12,35.38,140.43
0,825,Lome-Togo,64.02,34.6,55.56,72.13,7.42,47.59,56.47,7,128.36
0,864,London,88.25,80.93,69.95,58,14.9,108.28,45.34,45.06,139.18
0,884,Los-Angeles,95.5,82,61.11,67.44,7.13,122.18,46.95,57.51,139.58
0,2368,Louisville,78.61,68.36,65.63,44.38,3.59,151.05,43.19,21.82,183.54
0,1845,Lower-Hutt-New-Zealand,97.65,,77.78,7.18,8.91,,57.45,24.25,
0,18,Luanda,79.91,44.78,38.31,92.07,26.33,78.97,33.2,65.43,65.25
0,1954,Lublin,77.51,39.43,63.07,44.8,12.44,72.28,67.94,24.38,155.5
0,2172,Lucerne,81.95,111.99,69.14,28.53,8.2,140.94,78.69,29.67,197.45
0,2176,Lugano,84.1,107.99,72.71,24.18,10.66,125.31,80.62,20.95,199.5
0,940,Lusaka,,39.78,52.27,84.8,51.72,23.81,56.11,38.86,
0,1710,Luxembourg,82.62,62.01,78.17,19.64,9.14,174.9,70.98,26.56,222.55
0,2256,Lviv,69.61,26.04,60.97,48.75,14.76,45.1,61.84,32.06,130.65
0,288,Lyon,88.51,69.81,77.03,51.62,8.92,111.76,44.48,35.78,159.05
0,1818,Maastricht,86.62,67.3,69.87,29.41,4.98,126.53,78.25,22.5,204
0,2388,Madison,51.64,65.98,76.38,23.01,3.31,137.01,66.91,27.56,197
0,776,Madrid,85.47,55.1,79.48,36.56,10.23,91.17,72.86,26.48,179.83
0,2141,Maharagama-Sri-Lanka,58.21,,86.11,15.52,,,69.61,20,
0,257,Malabo-Equatorial-Guinea,71.16,,44.44,45.86,,,60.74,15,
0,2118,Malaga,96.98,47.23,70.36,29.23,7.27,91.55,71.34,24.47,189.05
0,1504,Malang,66.98,,65.08,30.78,,,70.31,26.4,
0,2407,Maldonado-Uruguay,99.26,58.9,50,15.52,13.38,35.28,56.53,55,138.34
0,506,Male,58.08,49.82,40.2,79.2,10.59,52.64,36.94,21.75,95.72
0,2148,Malmo,82.3,63.73,68.23,14.32,5.91,117.77,43.56,25.93,188.82
0,592,Managua,68.8,,64.09,63.13,10.29,,46.6,53.83,
0,52,Manama,64.31,50.4,67.69,62.33,4.33,105.82,80.91,30.75,165
0,1102,Manaus,67.93,34.69,48.47,74.62,11.99,39.29,28.91,39.22,87.39
0,866,Manchester,86.95,66.59,74.41,53.69,7.5,98.88,44.73,39.03,151.19
0,648,Manila,61.23,36.3,62.51,89.81,32.22,34.34,35.42,51.75,55.26
0,1376,Mannheim,81.74,65.92,72.91,44.67,8.54,123,56.55,35.53,171.21
0,564,Maputo,94.8,42.89,46.99,69.02,57.32,14.85,38.95,30,53.18
0,977,Mar-Del-Plata-Argentina,93.45,27.97,66.67,33.62,17.3,45.29,36.92,25.8,138.98
0,752,Maribor,79.02,51.18,56.57,25.18,7.04,89.84,76,17.54,185.18
0,1174,Markham,55.75,,78.09,14.97,7.72,,73.43,34.4,
0,556,Marrakech,83.43,32.06,45.05,83.45,9.63,40.39,57.31,15,114.67
0,290,Marseille,92.7,71.01,82.75,71.6,9.28,87.21,34.13,31.14,136.26
0,468,Maseru,91.79,,55.56,58.62,2.89,,31.2,51,
0,396,Mashhad,70.3,24.91,49.26,70.72,25.65,24.59,50.79,42,82.08
0,2052,Mecca,14.08,,61.11,65.51,3.94,,82.18,20,
0,1502,Medan,60.65,,60.56,76.13,21.41,,45.61,30.05,
0,200,Medellin,99.76,34.36,78.42,63.34,18.1,32.75,46.27,38.7,117.74
0,2054,Medina,26.18,,44.51,74.45,4.58,,83.13,24.5,
0,1797,Meknes-Morocco,89,,72.27,57.18,8.83,,40.18,6,
0,38,Melbourne,94.3,68.25,73.13,27.49,7.57,140.88,56.27,41.81,191.54
0,2364,Memphis,84.42,64.72,45,46.45,1.84,139.14,23.06,23.69,162.2
0,2238,Mersin,,31.18,71.76,37.64,8.43,52.87,65.37,28.67,
0,1579,Messina-Italy,97.52,,42.36,51.8,4.71,,55.47,34.67,
0,530,Mexico-City,92.37,45.84,65.98,81.27,16.49,38.67,32.42,52.9,87.15
0,886,Miami,85.69,78.15,63.59,38.94,5.66,109.73,46.83,42.86,160.44
0,414,Milan,88.12,69.09,71.39,67.23,19.95,59.01,48.42,35.85,116.15
0,2354,Milwaukee,60.96,70.36,64.99,31.98,1.98,129.67,32.43,30.28,168.92
0,888,Minneapolis,49.46,72.81,71.46,29.31,3.2,143.84,44.17,35.67,176.84
0,66,Minsk,64.37,27.74,49.05,42.7,11.94,58.81,48.12,31.21,129.87
0,1160,Mississauga,58.72,63.96,69.94,23.47,8.7,113.59,56.44,37.3,171.82
0,761,Mogadishu-Somalia,67.29,,40.36,66.53,407.56,,27.39,29,
0,440,Mombasa,74.35,,83.47,73.56,94.74,,36.12,60,
0,540,Monaco,94.9,110.23,75,70.65,61.31,60,75.54,22.5,92.72
0,475,Monrovia-Liberia,63.71,,38.89,97.66,28.12,,18.85,30,
0,1742,Monterrey,80.37,50.44,69,71.23,8.54,56.75,51.76,31.82,125.98
0,910,Montevideo,98.04,55.69,68.47,47.18,9.16,61.71,44.04,40.09,140.54
0,292,Montpellier,92.22,65.13,88.43,43.27,10.34,97.33,37.26,30.75,162.59
0,130,Montreal,52.37,63.87,62.53,33.72,10.55,100.32,67.62,39.72,157.13
0,674,Moscow,55.83,37.94,67.1,55.21,18.87,73.93,64.16,50.38,122.45
0,1736,Mosta,97.35,,65.97,70.4,6.38,,79.49,31.6,
0,1082,Mostar,84.74,36.43,54.86,26.47,11.8,53.8,60.51,17.6,160.08
0,1523,Mosul-Iraq,55.02,28.84,22.22,113.79,5.91,52.38,24.73,44.6,53.59
0,1908,Multan,54.02,17.75,60.13,79.95,3.96,26.96,61.71,16.5,116.41
0,388,Mumbai,71.48,24.57,65.35,83.51,30.27,75.17,55.34,54.89,91.87
0,340,Munich,75.98,68.76,77.36,25.18,15.38,110.02,79.66,30.84,185.65
0,2124,Murcia,89.6,,80.22,43.66,12.79,,56.62,39.43,
0,614,Muscat,67.22,43.41,63.36,35.65,4.43,98.13,80.43,19.91,184.73
0,275,Nadi-Fiji,82.11,,40.28,57.2,2.72,,47.09,95,
0,1588,Nagoya,86.22,58.48,84.51,31.53,5.84,88.02,90.38,14,203.23
0,1482,Nagpur,55.82,20.62,65.59,60.59,12.94,73.04,61.59,28.79,135.06
0,442,Nairobi,99.79,31.36,62.14,79.76,11.26,35.65,40.54,52.65,98.75
0,1623,Nakuru-Kenya,,,51.39,29.31,,,47.13,5,
0,1079,Namur-Belgium,,,0,46.91,,,48.31,37.5,
0,174,Nanjing,80.6,31.24,73.48,72.74,27.6,77.15,86.34,46.5,127.83
0,294,Nantes,91.59,,80.11,32.91,14.72,,40.79,31.53,
0,1564,Naples,95.76,55.35,58.98,80.13,13.64,62.82,37.23,43.95,104.68
0,1311,Narva-Estonia,,,57.99,38.7,3.87,,55.46,16.5,
0,2358,Nashville,83.02,73.09,63.83,36.4,3.8,127.78,52.32,38.98,175.61
0,2147,Negombo-Sri-Lanka,68.71,,55.56,77.8,,,36.4,15,
0,1558,Netanya,93.94,,74.57,41.61,14.92,,42.95,32.44,
0,2112,Newcastle,96.66,68.76,84.4,28.98,,129.75,51.63,32.58,
0,391,New-Delhi-India,58.9,24.3,66.68,90.24,8.38,117.91,41.05,57.81,114.12
0,2370,New-Orleans,86.5,74.69,63.3,50.44,3.21,115.88,32.62,29.27,157.88
0,2316,New-York,79.66,100,62.69,58.28,12.76,100,49.15,43.56,132.81
0,595,Niamey-Niger,35.51,38.95,30.56,46.55,,20.58,27.47,20,0
0,296,Nice,95.11,71.51,85.5,49,10.96,94,43.99,40.19,154.64
0,220,Nicosia,86.01,54.12,56.55,57.84,6.8,75.83,69.48,24.38,153.41
0,1828,Nijmegen,85.32,,92.95,21.32,8.39,,74.7,17.92,
0,1779,Niksic-Montenegro,,34.77,16.2,86.21,7.22,61.67,51.05,7,
0,176,Ningbo,,,56.25,80.75,28.98,,88.43,35,
0,2062,Nis,81.53,35.26,47.96,65.38,15.26,49.42,71.3,17.12,130.84
0,2084,Nitra,,,59.58,27.87,9.3,,68.73,80,
0,2030,Nizhniy-Novgorod,45.51,29.48,74.54,32.62,16.11,50.84,72.24,27.14,147.08
0,1498,Noida,58.9,24.46,67.52,91.55,5.67,104.71,44.74,44.12,119.68
0,2153,Norrkoping-Sweden,70.33,,76.11,25,6.06,,49.16,15,
0,2286,Nottingham,88,64.75,67.82,44.82,13.26,115.15,49.16,31.21,161.88
0,738,Novi-Sad,84.02,40.4,49.87,52.17,17,49.34,60.82,18.21,133.18
0,678,Novosibirsk,16.14,29.43,56.92,68.69,14.54,48.88,53.1,40.89,90.53
0,1364,Nuremberg,77.54,65.42,63.1,26.66,10.53,118.98,63.11,36.41,177.19
0,1443,Nyiregyhaza-Hungary,79.37,,67.06,31.49,9.05,,68.19,22,
0,2392,Oakland,96.4,93.47,77.54,40.87,6.21,125.13,31.04,37.69,167.07
0,1264,Odense,80.32,77.95,85.14,29.79,5,94.3,74.55,32.88,186.73
0,2250,Odesa,79,27.51,51,62.63,13.87,39.51,45.92,36.56,108.84
0,2366,Oklahoma-City,77.61,72.09,69.19,27.19,4.04,115.3,51.04,29.41,181.1
0,1254,Olomouc,73.57,,75.71,31.82,15.92,,80.74,24,
0,2376,Omaha,59.79,74.57,76.94,29.88,2.22,126.93,54.86,18.75,189.94
0,680,Omsk,16.4,,45.39,80.86,15.84,,62.62,47.18,
0,2020,Oradea,81.74,38.2,52.9,36.7,12.12,50.17,78.3,21.5,156.47
0,11,Oran-Algeria,96.35,28.72,55.32,63.65,17.26,33.31,43.76,105,74.39
0,2156,Orebro,70.82,,90,12.41,6.06,,46.55,16.5,
0,2336,Orlando,87.23,70.66,60.7,35.21,3.02,137.19,49.97,36.44,181.44
0,426,Osaka,84.32,,80.3,48.72,10.12,,67.02,27.73,
0,1176,Oshawa,53.59,,80.03,38.7,,,40.5,31.88,
0,1216,Osijek,82.89,44.55,62.75,17.66,9.42,67.46,82.11,16.07,187.09
0,612,Oslo,59.99,79.9,77.98,21.87,10.38,111.73,66.13,28.1,181.95
0,1248,Ostrava,76.12,47.23,82.34,54.19,7.3,84.75,69.03,16.7,170.23
0,132,Ottawa,44.46,67.77,68.83,24.51,8.12,103.61,69.48,34.4,170.1
0,1340,Oulu,46.38,66.21,71.75,14.25,5.09,119.56,65.39,19.25,193.84
0,2312,Oxford,83.55,70.19,72.36,25.48,14.43,95,65.93,33.68,172.49
0,1580,Padova,92.84,61.25,73.95,67.5,10.69,72.6,56.83,29.69,141.31
0,1210,Palermo,97.63,53.36,58.67,66.18,5.05,68.93,55.68,32.06,140.89
0,533,Palikir-Micronesia,59.92,52.64,44.44,71.98,11.33,15.56,63.24,18.25,101.88
0,1848,Palmerston-North,99.7,60.41,62.5,13.59,4.92,131.28,49.62,15,208.03
0,632,Panama-City,67.84,48.21,58.78,61.35,11.48,42.7,52.82,32.77,116.03
0,1232,Paphos,96.66,54.9,68.72,36.63,5.83,83.47,67.44,19.38,181.39
0,790,Paramaribo,64.25,45.32,44.3,53.27,3.51,14.82,49.25,28.88,111.69
0,1260,Pardubice,76.82,46.31,79.72,45.2,12.99,75.2,67.66,12.75,167.27
0,298,Paris,88.39,76.16,77.29,64.72,17.81,92.83,42.24,41.33,129.4
0,1584,Parma,87.98,60.1,67.35,65.37,8.35,79.3,62.73,23,149.91
0,1313,Parnu-Estonia,78.11,,75.82,24.57,10.29,,73.55,10.62,
0,1436,Pecs,82.72,46.05,63.03,42.82,13.36,46.49,72.96,16.67,153.02
0,682,Perm,28.1,27.21,45.81,64.29,14.97,50.14,52.78,41.43,92.88
0,40,Perth,95.71,70.29,71.82,26.97,5.18,140.75,58.45,40.75,195.6
0,1906,Peshawar,76.2,18.84,65.38,71.6,4.46,29.7,54.47,23.5,124.84
0,1728,Petaling-Jaya,56.55,,68.02,66.07,8.25,,52.07,39.73,
0,892,Philadelphia,77.98,75.88,70.19,48.24,4.03,118.4,34.31,40.41,154.61
0,120,Phnom-Penh,59.43,41.4,50.55,79.21,27.76,21.6,45.19,31,71.05
0,894,Phoenix,53.76,69,66.5,57.15,3.02,146.66,46.02,33.1,161.62
0,2208,Phuket,68.52,38.35,75.71,50.63,27.42,31.3,57.7,40.92,109.03
0,2106,Pietermaritzburg,96.94,,40.25,83.39,3.78,,17.46,31.75,
0,1399,Piraeus-Greece,95.22,,32.87,77.89,11.63,,60.44,30,
0,2338,Pittsburgh,72.13,73.68,72.02,47.97,2.69,140.98,61.42,37.89,178.96
0,1927,Piura-Peru,,,5.56,89.66,71.76,,32.35,50,
0,1127,Pleven-Bulgaria,77.59,,22.22,61.11,8.02,,65.81,33.33,
0,2022,Ploiesti,78.3,38.38,35.01,86.81,11.3,64.31,57.27,29.5,106.71
0,104,Plovdiv,82.57,37.18,56.7,58.86,8.35,67.99,73.42,24.33,150.64
0,1250,Plzen,81.43,47.58,76.04,33.91,11.17,95.8,68.65,23.82,179.76
0,550,Podgorica,88.4,38.73,43.45,50.93,11.12,56.99,55.49,14.82,141.04
0,580,Pokhara,89.71,26.95,70.37,47.69,7.62,25.98,71.74,10,157.2
0,1992,Ponce,79.56,,36.81,74.14,4.59,,31.61,24.75,
0,375,Port-Au-Prince-Haiti,88.04,58.37,35.07,105,33.9,10.99,17.55,95,0
0,2332,Portland,89.56,79.88,71.74,31.72,3.58,136.07,43.2,32.65,185.53
0,526,Port-Louis,88.41,39.18,57.53,60.7,11.03,35.94,48.06,68,101.47
0,636,Port-Moresby,71.75,55.92,23.95,81.05,352.72,20.19,19.13,31.5,0
0,656,Porto,96.61,46.63,79.59,24.48,11.04,61.08,67.99,24.04,178.43
0,1112,Porto-Alegre,98.74,33.17,64.35,56.9,13.76,38.02,29.23,31.32,117.82
0,832,Port-Of-Spain,67.55,57.21,48.56,72.55,18.17,40.2,23.64,52.15,71.5
0,234,Portsmouth,88.63,63.11,75.6,50.3,,112.92,55.71,19.86,
0,921,Port-Vila-Vanuatu,83.58,,40.51,40.14,15.86,,60.29,15,
0,1946,Poznan,77.41,42.51,56.95,59.24,9.16,89.68,71.73,32.47,151.18
0,224,Prague,80.67,51.51,74.72,33.6,16.96,84.16,75.49,31.8,167.78
0,2082,Presov,75.15,43.84,57.64,32.76,16.28,64.83,71.95,23,156.01
0,764,Pretoria,95.83,34.41,66.25,55.97,2.02,115.68,18,45.01,148.44
0,1085,Prijedor-Bosnia-And-Herzegovina,,,38.89,32.76,12.06,,58.09,30,
0,1862,Prilep,80.19,32.65,50.93,39.66,9.18,40.2,68.55,18.5,149.32
0,2221,Princes-Town-Trinidad-And-Tobago,,,47.22,100,,,16.18,120,
0,1648,Pristina,76.84,32.12,68.27,69.71,15.14,44.89,68.55,21.87,129.39
0,1750,Puebla,91.67,41.49,69.31,63.19,3.36,55.34,41.77,27.2,138.06
0,1224,Pula,90.07,,56.94,23.7,12.73,,73.1,13.2,
0,1468,Pune,74.32,24.39,65.66,71.31,6.2,155.12,59,44.14,164.34
0,178,Qingdao,70.4,36.85,76.72,50.47,21.55,58.15,89.67,27.87,149.44
0,134,Quebec-City,47.98,64.46,69.32,37,11.61,102.22,77.79,33.91,163.83
0,2322,Queens,80.34,,60.19,50.29,5.61,,52.59,44.4,
0,359,Quetzaltenango-Guatemala,95.6,,44.44,77.16,6.96,,59.56,60,
0,1932,Quezon-City,60.71,36.48,77.18,83.92,13.56,39.99,36.35,60.1,82.08
0,244,Quito,98.97,34.83,70.08,65.07,12.97,39.41,37,40.06,115.43
0,558,Rabat,74.11,32.66,47.63,32.86,15.9,39.87,63.48,34.15,133.29
0,1321,Rakvere-Estonia,61.2,,80.56,2.8,6.04,,82.48,14.33,
0,2362,Raleigh,83.88,76.93,66.92,30.86,6.99,123.87,61.69,35.16,182.28
0,628,Ramallah,95.46,51.18,76.11,41.63,6.34,44.25,68.16,29,160.33
0,1902,Rawalpindi,76.14,,55.77,74.33,16.58,,48.88,45.13,
0,1108,Recife,79.28,30.84,64.3,70.95,11.2,51.97,24.05,46.92,99.9
0,300,Rennes,90.4,56.5,87.5,45.21,9.55,108.03,46.9,23.29,174.81
0,2384,Reno,62.28,70.32,61.4,29.94,4.26,136,54.77,24.02,183.84
0,386,Reykjavik,68.81,85.7,67.84,15.47,7.57,99.89,75.57,21.91,190.41
0,1685,Rezekne-Latvia,63.14,,72.22,26.72,,,64.37,25.5,
0,55,Riffa-Bahrain,63.99,,66.67,70.06,,,80.02,20,
0,462,Riga,74.7,52.3,60.48,37.83,8.66,67.31,61.25,31.13,151.97
0,1214,Rijeka,94.85,,66.16,32.45,10.97,,75.41,18.33,
0,1586,Rimini,90.34,57.62,87.96,32.35,7.77,86.01,54.78,16.75,183.62
0,1094,Rio-De-Janeiro,88.22,35.5,45.54,67.28,23.59,25.61,22.48,51.82,71.2
0,1552,Rishon-Leziyyon,94.68,,68.4,40.39,14.3,,74.55,45.25,
0,2324,Riverside,86.63,,58.61,54.33,5,,59.76,54.25,
0,730,Riyadh,44.45,50.61,64.71,63.29,2.83,134.3,74.47,32.46,165.34
0,416,Rome,93.7,55.71,63.53,55.24,15.06,75.91,50.38,38.18,135.65
0,970,Rosario,96.13,27.08,75.53,42.97,12.7,53.59,24.44,25.61,139.05
0,584,Rotterdam,87.89,61.46,81.43,23.75,5.33,140.44,72.03,22.76,215.37
0,1122,Ruse,75.97,,66.67,75.22,6.3,,65.71,45,
0,2111,Rustenburg-South-Africa,90.03,,61.11,87.75,,,22.77,44.17,
0,99,SÃ£o-Paulo-Brazil,99.04,37.68,59.86,78.69,23.84,30.29,29.67,50.75,78.46
0,2069,Sabac-Serbia,84.14,,48.15,77.3,,,50.92,10,
0,2334,Sacramento,90.64,84.45,68.51,46.79,4.19,128.93,50.23,27.04,176.95
0,686,Saint-Petersburg,60.64,33.47,61.16,61.5,16.01,60.67,61.34,48.56,114.98
0,617,Salalah-Oman,81.92,,44.44,46.55,,,81.68,21.67,
0,2360,Salt-Lake-City,66.52,68.11,68.43,61.26,3,146.26,65.8,34,173.3
0,1100,Salvador,82.81,,62.24,41.15,10.78,,23.46,38.35,
0,1006,Salzburg,76.51,70.9,75.48,27.77,11.56,97.39,79.53,34.6,179.95
0,688,Samara,41.31,28.98,46.87,55.37,15.76,44.77,66.03,42.2,106.78
0,2246,Samsun,90.31,32.47,69.75,69.81,7.02,59.05,68.7,34.11,142.12
0,896,San-Antonio,80.58,65.05,67.42,43.86,4.77,128.56,52.19,31.74,174.97
0,898,San-Diego,97.08,82.34,67.81,39.77,6.31,134.6,59.8,35.25,184.54
0,1871,Sandnes-Norway,,,55.79,36.21,5.37,,50.94,12,
0,835,San-Fernando-Trinidad-And-Tobago,67.02,48.89,56.8,66.71,3.94,59,27.19,30,113.95
0,900,San-Francisco,97.26,91.61,64.16,50.32,7.25,157.93,38.4,49.84,165.57
0,208,San-Jose,95.53,85.55,64.57,50.57,7.53,161.2,51.91,38.61,179
0,209,San-Jose-Costa-Rica,99.48,52.78,61.89,52.48,8.91,43,44.09,62.72,116.62
0,1982,San-Juan,71.25,73.15,63.47,48.88,6.64,70.81,31.93,36.25,128.76
0,376,San-Pedro-Sula,65.62,41.29,27.78,86.21,3.85,37.77,20.23,18,83.76
0,250,San-Salvador,86.6,41.25,52.87,87.15,13.76,27.96,39.35,41.07,84.35
0,252,Santa-Ana,96.79,,54.44,55,,,44.38,40,
0,86,Santa-Cruz,95.44,,70.08,21.92,6.61,,57.84,33.44,
0,87,Santa-Cruz-Bolivia,81.58,27.47,47.41,56.42,13.59,35,33.73,35.6,105.27
0,148,Santiago,90.21,44.39,65.16,70.78,17.89,42.94,36.85,37.12,103.66
0,240,Santo-Domingo,67.82,43.63,54.92,77.92,17.3,27.04,31.72,36.18,79.55
0,1277,Santo-Domingo-Este-Dominican-Republic,,,66.67,90.09,,,54.9,73.5,
0,1104,Santos,90.62,,63.55,36.28,14.07,,49.44,20.25,
0,1092,Sao-Paulo,99.04,37.68,59.86,78.69,23.84,30.29,29.67,50.75,78.46
0,428,Sapporo,72.32,50.37,89.81,22.84,6.59,91.14,93.13,51,190.7
0,90,Sarajevo,78.18,37.4,60.71,65.71,13.26,67.32,55.47,27.02,130.7
0,1178,Saskatoon,15.79,67.27,63.87,30.38,4.33,95.92,49.28,15.42,154.79
0,904,Seattle,91.73,82.12,71.05,31.87,5.04,160.96,45.94,42.59,190.55
0,768,Seoul,68.39,66.98,82.99,58.41,25.1,107.78,75.69,43.08,144.68
0,1219,Sesvete-Croatia,81.75,,68.75,15.52,,,90,57,
0,963,Setif-Algeria,80.17,,59.26,72.41,,,44.71,13.5,
0,2116,Sevilla,96.03,49.83,72.95,40.54,8.54,81.2,68.31,32.57,170.99
0,836,Sfax,94.52,27.11,44.44,93.83,9.44,35.58,60.33,20,108.97
0,180,Shanghai,83.64,38.16,64.42,71.48,37.6,89.72,71.32,47.48,112.39
0,2264,Sharjah,43.35,47.36,60.27,48.21,8.19,92.48,84.69,53.97,145.85
0,2292,Sheffield,87.91,62.43,81.17,31.16,6.56,109.51,56.3,25.2,187.55
0,182,Shenyang,35.46,28.41,77.78,91.55,9.94,81.12,76.51,34.8,122.42
0,184,Shenzhen,81.8,35.36,61.2,56.96,30.09,103.86,73.31,34.68,141.01
0,1518,Shiraz,57.58,34.15,66.19,51.68,32.71,22.48,50.21,27.14,95.61
0,954,Shkoder,88.56,,55,19.14,10.07,,30.1,14,
0,1702,Siauliai,67.87,,65.74,34.11,5.51,,63.9,15.7,
0,2028,Sibiu,69.39,36.69,62.78,26.03,9.23,66.32,71.57,26.07,167.27
0,122,Siem-Reap,63.63,,41.53,68.32,30.3,,66.41,7.5,
0,744,Singapore,57.45,79.06,71.92,32.52,17.84,112.08,72.64,40.73,161.27
0,608,Skopje,76.3,35.34,54.59,83.18,13.81,51.98,53.33,27.27,108.3
0,1228,Slavonski-Brod,80.75,,59.17,53.72,,,83.58,12.67,
0,1738,Sliema,97.44,58.32,56.04,84.09,14.09,67.42,66.98,25.54,126.6
0,1129,Sliven-Bulgaria,77.59,,5.56,38.85,3.78,,67.02,60,
0,106,Sofia,76.01,41.96,58.45,68.44,9.51,81.04,59.89,31.03,136.23
0,2224,Sousse,95.79,28.07,64.58,65.24,15.71,34.64,47.68,28,119.45
0,2282,Southampton,88.53,61.23,78.07,48.6,,125.79,47.9,27.67,
0,210,Split,96.26,46.85,71.51,26.57,16.79,66.56,68.74,18.4,173.29
0,2386,Spokane,67.12,70.74,65.15,23.72,3.01,128.89,44.5,23.49,184.6
0,1125,Stara-Zagora-Bulgaria,81.34,,47.87,36.44,4.41,,76.88,19.2,
0,1872,Stavanger,79.99,82.83,74.76,11.7,5.59,120.69,75.93,24.42,208.93
0,1866,Stip,,,59.03,61.03,9.78,,64.41,13,
0,794,Stockholm,69.67,67.07,66.59,18.46,11.46,116.39,53.72,34.1,175.75
0,2304,Stoke-On-Trent,86.95,64.63,81.14,44.11,4.54,96.89,51.92,21.17,175.16
0,302,Strasbourg,84.71,69.71,78.89,45.22,9.22,93.48,58.44,31.16,164.48
0,342,Stuttgart,81.07,65.82,75.67,40.4,7.71,138.55,65.12,30.06,189.01
0,394,Surabaya,55.68,26.44,69.29,55.91,21.62,36.25,63.75,35.31,113.46
0,1472,Surat,58.67,21.16,66.5,55.95,8.32,46.04,65.9,26.84,136.36
0,1164,Surrey,88.55,,66.38,34.45,20.18,,35.74,36.21,
0,276,Suva,71.89,36.53,49.95,51.81,1.57,96.93,45.55,34.82,148.32
0,186,Suzhou,75.8,59.13,66.67,72.55,22.29,54.38,88.31,22.2,130.17
0,42,Sydney,97.07,73.9,74.79,28.62,15.02,114.07,65.92,43.39,177.67
0,1950,Szczecin,77.94,40.52,61.18,34.09,9.25,90.6,68.39,31.24,169.24
0,1440,Szeged,80.97,41.76,60.8,35.29,11.9,65.81,73.71,26,161.88
0,1434,Szekesfehervar,84.38,46.57,59.34,37.36,13.23,63.48,76.63,29.33,158.11
0,1447,Szombathely-Hungary,81.29,,60.19,20.69,12.08,,85.29,10,
0,1520,Tabriz,67.58,,43.52,67.24,34.07,,65.99,31.46,
0,2059,Tabuk-Saudi-Arabia,57.14,,58.33,47.41,,,72.94,20,
0,2182,Taichung,85.75,47.28,85.15,85.58,17.29,78.02,84.06,18.7,147.46
0,2184,Tainan,,51.5,91.32,71.58,10.25,67.76,82.06,18.33,
0,806,Taipei,84.38,47.84,86.58,48.45,24.84,95.46,84.55,34.43,164.08
0,262,Tallinn,64.28,56.25,74.78,18.72,11.56,80.06,77.69,24.72,180.18
0,906,Tampa,84.67,79.86,67.76,32.46,2.91,138.55,54.9,36.2,187.56
0,1334,Tampere,54.32,61.01,79.97,15.33,7.35,123.95,78.71,28.13,201.3
0,1510,Tangerang,71.84,28.38,74.07,58.49,15.58,29.08,55.42,51.6,109.71
0,560,Tangier,98.39,30.24,35.61,58.95,16.4,31.69,49.72,42,104.85
0,264,Tartu,,54.02,85.73,11,10.14,76.96,78,15.35,
0,916,Tashkent,69.79,27.72,62.09,52.47,11.97,38.56,70.87,34.94,131.77
0,1842,Tauranga,98.04,,66.6,21.79,5.89,,51.44,27.88,
0,316,Tbilisi,84.2,36.38,55.05,71.7,14.12,33.76,74.38,40.58,114.94
0,378,Tegucigalpa,98.65,35.7,43.86,80.17,12.49,39.18,25.65,21.71,98.56
0,398,Tehran,70.99,29.18,53.17,80.4,38.49,21.29,43.21,51.81,54.14
0,1548,Tel-Aviv-Yafo,93.88,70.09,73.8,45.92,24.06,97.64,73.79,35.66,157.25
0,1864,Tetovo,78.37,,61.11,95.56,5.32,,48.22,34,
0,1814,The-Hague,90.61,59.65,80.75,17.54,5.83,138.32,79.78,21.25,223.6
0,350,Thessaloniki,88.39,54.99,55.39,65.5,14.08,47.2,46.27,29.92,115.43
0,83,Thimphu-Bhutan,84.68,27.1,62.64,60.73,4.81,49.4,61.76,3,154.41
0,188,Tianjin,64.22,30.55,73.81,86.06,24.33,89.49,67.01,47,111.98
0,1744,Tijuana,94.58,43.77,74.16,73.69,12.41,57.06,27.9,38.86,112.62
0,1812,Tilburg,85.53,59.87,74.37,19.12,5.3,121.48,70.02,19.11,208.27
0,2012,Timisoara,82.05,39.07,71.22,56.18,9.62,70.17,74.33,24.32,157.93
0,6,Tirana,86.43,46.05,47.75,86.97,15.55,39.89,58.62,38.97,95.55
0,430,Tokyo,85.26,54.21,79.03,42.39,14.4,102.95,75.88,42.54,169.8
0,136,Toronto,65.35,67.23,74.44,37.34,13.01,106.7,56.75,44.72,155.63
0,304,Toulouse,91.87,66.1,83.96,40,7,114.94,48.84,33.33,177.66
0,466,Tripoli,96.54,22.65,41.82,59.23,15.45,35.78,35.96,28.36,109.81
0,467,Tripoli-Lebanon,95.09,,38.1,86.78,21.22,,47.36,28.33,
0,2089,Trnava-Slovakia,78.46,,63.89,26.51,9.23,,73.36,34.25,
0,1874,Trondheim,66.68,88.64,74.44,20.68,9.59,102.96,79.4,29.67,185.81
0,1923,Trujillo-Peru,98.23,,41.67,60.06,15.64,,33.47,22,
0,2374,Tucson,72.66,69.98,61.27,27.91,3.38,124.36,45.53,27.35,178.58
0,2380,Tulsa,79.3,65.31,70.59,28.77,2.26,142.24,47.21,19.62,197.39
0,838,Tunis,93.24,30.1,57.5,74.79,14.55,30.05,51.88,38.94,105.14
0,1566,Turin,85.66,58.82,66.17,68.85,8.1,82.72,48.32,27.97,138.4
0,1336,Turku,60.23,65.54,83.82,14.57,5.15,116.18,78.48,27.51,204.15
0,690,Ufa,28.12,29.1,60.97,61.3,15.34,50.2,50.58,36.85,101.59
0,546,Ulaanbaatar,-3.54,34.8,45.79,94.42,15.4,27.84,46.88,31.42,54.18
0,2150,Uppsala,66.43,62.68,73.19,12.29,8.06,97.95,57.2,17.08,188.14
0,1816,Utrecht,87.16,63.14,81.12,24.59,6.48,131.94,74.05,24.56,209.83
0,1488,Vadodara,,22.14,72.82,64.05,6.63,63.49,68.71,29.48,
0,778,Valencia,93.84,48.36,80.02,25.19,7.38,79.79,70.11,23.6,189.45
0,2073,Valjevo-Serbia,83.53,,38.89,91.95,,,80.15,8,
0,2132,Valladolid,80.38,52.12,76.85,30.21,8.39,90.88,82.8,31.43,185.83
0,514,Valletta,97.44,60.84,53.24,74.23,21.76,53.18,63.13,30.75,113.91
0,150,Valparaiso,97.88,41.59,52.78,54.55,,36.36,32.61,29.5,
0,138,Vancouver,91.15,70.4,72.16,25.49,14.44,93.27,57.7,36.72,168.58
0,1338,Vantaa,59.49,66.65,62.78,18.51,10.02,90.18,74.11,33.14,172.48
0,1118,Varna,85.08,39.56,63.84,59.73,9.65,60.83,64.56,28.86,142.65
0,2154,Vasteras,65.6,60.06,51.85,19.98,4.48,126.98,53.46,55.75,168.45
0,2097,Velenje-Slovenia,78.04,,61.11,43.1,,,66.91,12.5,
0,418,Venice,82.39,67.65,63.48,64.18,14.11,61.44,66.32,43.75,125.05
0,1683,Ventspils-Latvia,78.84,45.07,56.67,9.86,4.14,64.17,67,21.5,182.15
0,1576,Verona,87.02,56.23,65.63,60.76,11.7,82.84,65.51,27.67,149.48
0,742,Victoria,92.52,72.7,66.38,18.41,15.41,77.4,59.05,32,166.92
0,743,Victoria-Seychelles,67.83,66.92,63.19,37.36,4.42,32.88,47.5,29.33,134.11
0,46,Vienna,81.77,66.19,79.85,16.08,11.86,114.53,69.89,22.53,199.48
0,458,Vientiane,74.16,37.79,33.73,81.14,20.37,20.14,69.27,21.5,91.91
0,2134,Vigo,96.17,48.33,72.96,18.79,7.2,84.21,80.57,20.8,200.25
0,1971,Vila-Nova-De-Gaia-Portugal,96.79,,49.07,30.62,10.78,,71.31,35,
0,1013,Villach-Austria,75.94,74.43,68.35,37.12,10.66,71.24,72.25,16.96,165.94
0,486,Vilnius,66.59,49.44,76.11,25.01,13.34,77.29,72.7,26.16,171.88
0,1192,Vina-Del-Mar,97.98,41.77,68.75,39.01,17.32,38.99,60.44,29.75,143.6
0,692,Vladivostok,23.94,33.36,53.4,66.11,17.64,44.05,58.36,39.36,91.41
0,695,Volgograd-Russia,56.06,,41.11,79.38,17.06,,48.3,30.94,
0,2036,Voronezh,57.69,,53.62,66.34,9.82,,61.19,32.65,
0,571,Walvis-Bay-Namibia,98.01,,25,74.86,3.44,,40.58,26,
0,652,Warsaw,74.61,45.1,58.35,60.38,12.12,93.08,74.51,34.83,148.4
0,2318,Washington,81.62,83.5,70.14,42.1,6.56,134.45,39.87,41.18,165.41
0,1544,Waterford,92.31,68.15,27.78,23.92,5.95,97.64,52.78,37.75,159.75
0,588,Wellington,97.68,72.25,64.34,23.6,13.26,86.66,66.81,39.33,170.48
0,572,Windhoek,84.97,,67.43,35.04,4.78,,32.58,24.42,
0,1156,Winnipeg,24.67,64.37,68.65,35.73,6.3,93.83,39.68,31.32,140.84
0,2170,Winterthur,82.27,106.58,60.56,29.42,10.89,157.85,77.17,34.4,195
0,996,Wollongong,94.3,,68.89,30.42,4.87,,51.64,32.38,
0,2303,Worthing-United-Kingdom,89.36,,68.06,30.17,11.77,,34.97,25,
0,1942,Wroclaw,78.39,43.57,57.43,61.9,11.25,86.01,73.28,34.05,146.25
0,192,Wuhan,82.22,31.48,71.67,86.32,19.25,73.68,76.06,33.15,127.05
0,1371,Wuppertal-Germany,,58.64,70,23.92,5.14,127.75,43.2,24,
0,568,Yangon,57.78,44.35,48.6,90.86,16.69,13.15,50.85,51,62.18
0,127,Yaounde-Cameroon,88.55,33.2,42.06,94.09,,30.26,50.82,55,
0,697,Yaroslavl-Russia,55.5,26.6,53.24,78.98,14.97,46.92,62.13,34.43,102.14
0,698,Yekaterinburg,21.33,30.22,53.88,68.84,13.28,53.27,54.95,37.57,96.46
0,30,Yerevan,63.42,42.32,57.34,60.68,20.3,33.67,77.69,29.76,116.52
0,1590,Yokohama,86.94,44.79,78.12,27.45,8.77,127.21,85.3,59.67,192.38
0,1220,Zadar,88.71,50.08,54.27,34.86,20.7,47.04,49.43,27.2,132.27
0,212,Zagreb,82.19,49.37,65.04,33.08,12.47,77.45,78.68,30.16,169.19
0,1753,Zapopan-Mexico,93.01,,91.67,39.53,21.54,,42.84,31.25,
0,1087,Zenica-Bosnia-And-Herzegovina,78.18,,64.68,63.34,10,,50.33,8,
0,197,Zhengzhou-China,74.29,30.19,77.78,94.3,19.08,59.85,78.59,65,101.65
0,1963,Zielona-Gora-Poland,77.4,,59.72,27.59,6.72,,81.05,35,
0,2080,Zilina,75.38,46.29,57.32,46.11,10.43,77.51,68.65,13.83,160.68
0,798,Zurich,81.48,102.52,70.11,22.27,12.47,181.02,77.84,37.83,210.05
