,index,country,city,population,climate_index,cost_of_living_index,health_care_index,pollution_index,property_price_to_income_ratio,purchasing_power_index,safety_index,traffic_commute_time_index,quality_of_life_index,Net_Migration
0,0,Afghanistan,Kabul,4273156.0,,,26.16,89.71,9.61,,22.09,56.17,,
1,1,Albania,Durres-Albania,175110.0,86.28,,11.11,77.24,9.33,,71.6,30.0,,1391.3846026928622
2,2,Albania,Elbasan-Albania,78703.0,86.28,,30.56,0.0,7.35,,50.55,80.0,,-368.2582999979959
3,3,Albania,Shkoder,112276.0,88.56,,55.0,19.14,10.07,,30.1,14.0,,-2011.9515378011556
4,4,Albania,Tirana,418495.0,86.43,45.4,47.75,86.97,15.56,40.07,58.96,38.97,95.85,-3622.062040879469
5,5,Algeria,Algiers,3415811.0,94.82,30.21,57.15,67.75,26.85,28.78,48.42,51.2,89.55,-60588.512416993195
6,6,Algeria,Annaba-Algeria,257359.0,97.28,,76.85,95.69,12.93,,36.56,15.0,,-3444.202626534747
7,7,Algeria,Constantine-Algeria,465138.0,84.71,,33.33,54.74,24.33,,55.95,58.67,,-917.4032538724464
8,8,Algeria,Oran-Algeria,101009.0,96.35,28.35,55.32,63.65,17.26,33.43,43.76,105.0,74.47,-2289.192244601928
9,9,Algeria,Setif-Algeria,288461.0,80.17,,59.26,72.41,,,44.71,13.5,,-2586.042015516968
10,10,Andorra,Andorra-La-Vella,22615.0,,52.41,76.85,36.84,8.91,112.86,88.45,13.33,,542.4382106432658
11,11,Angola,Luanda,9051000.0,79.91,44.76,38.31,92.07,26.33,79.24,33.2,65.43,65.36,
12,12,Argentina,Buenos-Aires,16710000.0,98.28,32.8,68.39,51.76,23.07,32.76,36.56,49.65,105.81,
13,13,Argentina,Cordoba,2106734.0,99.95,33.44,71.13,66.48,10.51,43.61,38.09,33.14,123.52,-38436.94001094266
14,14,Argentina,Mar-Del-Plata-Argentina,682605.0,93.45,27.95,66.67,33.62,17.3,45.44,36.92,25.8,139.04,-11996.522262052036
15,15,Argentina,Rosario,1276000.0,96.13,27.8,75.53,42.97,12.7,52.51,24.44,25.61,138.54,-32241.513171466417
16,16,Armenia,Yerevan,1075800.0,63.42,42.31,57.34,60.68,19.97,33.62,77.69,29.76,116.84,6269.703630028742
17,17,Australia,Adelaide,1295714.0,94.96,76.99,73.94,24.29,7.91,106.67,67.7,35.46,188.21,22382.595647245078
18,18,Australia,Brisbane,2360241.0,98.07,68.87,74.46,28.53,8.66,131.83,63.3,40.8,191.89,37630.833888691115
19,19,Australia,Canberra,381488.0,82.72,80.61,72.41,22.76,9.24,103.1,73.71,34.94,184.69,7782.4971628135545
20,20,Australia,Gold-Coast,607665.0,97.73,69.87,79.24,23.54,9.63,134.44,53.07,27.22,198.67,6174.595094563874
21,21,Australia,Hobart,197451.0,90.62,74.74,69.17,15.77,8.7,114.93,66.1,27.2,196.61,3394.8130521175794
22,22,Australia,Ipswich-Australia,232930.0,96.3,,81.94,25.86,,,40.62,20.0,,-2336.27413555318
23,23,Australia,Melbourne,5031195.0,94.3,68.62,73.02,27.5,7.58,138.76,56.31,41.81,190.63,57052.05663800456
24,24,Australia,Perth,2141834.0,95.71,70.3,71.98,26.91,5.42,139.04,58.43,41.12,194.58,29355.99910474564
25,25,Australia,Sydney,4840600.0,97.07,74.14,74.79,28.62,14.68,116.83,65.92,43.39,179.09,
26,26,Australia,Wollongong,261896.0,94.3,,68.89,30.42,4.87,,51.64,32.38,,-692.3638646271442
27,27,Austria,Graz,292630.0,73.93,64.04,76.51,38.38,10.23,110.17,72.98,30.52,178.33,5243.894073191492
28,28,Austria,Innsbruck,130585.0,74.57,65.47,77.32,22.98,20.1,90.15,74.34,25.45,174.33,2249.445783369799
29,29,Austria,Klagenfurt-Austria,101403.0,74.35,68.37,62.22,29.6,11.66,74.53,64.14,25.83,160.41,771.7284249921107
30,30,Austria,Linz,210165.0,78.95,66.05,76.87,33.65,8.54,106.42,70.99,25.9,184.6,3733.8201934059484
31,31,Austria,Salzburg,155021.0,76.51,69.58,75.48,27.77,11.56,98.16,79.53,34.6,180.39,-3544.7848302810576
32,32,Austria,Vienna,2223236.0,81.77,65.29,79.48,16.08,12.34,112.37,69.95,22.95,197.9,43542.01499539376
33,33,Austria,Villach-Austria,65127.0,75.94,73.48,68.35,37.12,10.66,71.51,72.25,16.96,166.14,928.9648496270405
34,34,Azerbaijan,Baku,2300500.0,91.4,33.17,47.71,74.35,14.02,38.04,69.5,37.26,113.98,1339.0028338967047
35,35,Bahrain,Al-Muharraq,75000.0,63.99,,83.33,70.5,,,66.76,20.0,,459.81715610283436
36,36,Bahrain,Manama,635000.0,64.31,50.77,67.69,62.33,4.24,104.91,80.91,30.75,164.69,12642.609698647013
37,37,Bahrain,Riffa-Bahrain,79550.0,63.99,,66.67,70.06,,,80.02,20.0,,1169.0027741687493
38,38,Bangladesh,Chittagong,8440000.0,74.52,21.81,50.23,80.65,9.56,38.13,36.06,69.25,78.09,
39,39,Bangladesh,Dhaka,18627000.0,71.29,25.49,40.18,94.18,14.38,32.15,37.51,61.39,61.05,
40,40,Bangladesh,Khulna-Bangladesh,1400689.0,,21.49,80.56,51.07,6.4,31.52,48.02,25.0,,-15028.342181518523
41,41,Barbados,Bridgetown,110000.0,71.34,73.31,69.91,18.53,12.32,53.14,58.03,36.67,151.67,158.80638323973395
42,42,Belarus,Brest-Belarus,342461.0,74.17,,44.91,50.62,9.75,,54.56,37.5,,-842.3524564762014
43,43,Belarus,Gomel,9228000.0,67.07,30.59,41.15,58.16,12.0,32.79,52.19,38.0,105.2,-44561.36723345776
44,44,Belarus,Hrodna,358717.0,,,52.78,40.23,8.75,,57.92,23.0,,128.23784611931612
45,45,Belarus,Minsk,1995471.0,64.37,28.12,49.05,42.7,11.94,58.15,48.18,31.21,129.6,-23810.594317034684
46,46,Belgium,Antwerp,536079.0,85.42,66.39,80.29,59.03,7.55,99.41,60.02,37.0,158.32,3581.377937753594
47,47,Belgium,Brussels,1235192.0,83.85,67.58,73.55,61.58,6.98,103.75,44.43,36.81,147.89,-6566.310022597861
48,48,Belgium,Charleroi-Belgium,201816.0,86.46,,70.0,66.85,5.91,,36.68,45.2,,-2736.7209861123456
49,49,Belgium,Gent,265086.0,88.72,63.93,79.92,37.59,6.77,116.33,73.89,36.69,188.46,5640.1846709545725
50,50,Belgium,Liege,195278.0,84.7,66.89,79.95,53.26,5.3,103.89,39.4,31.17,158.38,-1415.409998992858
51,51,Belgium,Namur-Belgium,110939.0,,,0.0,46.91,,,47.64,37.5,,-886.5602117877557
52,52,Belize,Belize-City,57169.0,67.93,,52.31,64.01,,,32.09,0.0,,-1035.743610120502
53,53,Belize,Belmopan,17222.0,68.24,,35.42,41.38,,,54.12,16.0,,-58.50455539829907
54,54,Benin,Cotonou-Benin,679012.0,61.89,,51.39,87.93,,,64.69,26.0,,2457.174389685861
55,55,Bhutan,Thimphu-Bhutan,114551.0,84.68,26.73,62.64,60.73,4.81,50.15,61.76,3.0,154.75,150.0888545084659
56,56,Bolivia,La-Paz,24307.0,55.46,30.02,47.01,75.36,12.06,40.51,39.56,52.67,81.65,-625.570395927684
57,57,Bolivia,Santa-Cruz-Bolivia,1867673.0,81.58,27.4,47.41,56.42,13.57,35.12,33.73,35.6,105.35,3196.8491539828815
58,58,Bosnia-And-Herzegovina,Banja-Luka,185042.0,82.77,37.39,46.8,55.62,14.69,51.96,65.34,22.22,133.15,180.03703961679486
59,59,Bosnia-And-Herzegovina,Doboj-Bosnia-And-Herzegovina,580000.0,,,30.56,40.52,13.16,,58.5,120.0,,-255.3937557122911
60,60,Bosnia-And-Herzegovina,Mostar,113169.0,84.74,35.95,54.86,26.47,11.8,53.99,60.51,17.6,160.2,217.38068512106926
61,61,Bosnia-And-Herzegovina,Prijedor-Bosnia-And-Herzegovina,76390.0,,,38.89,32.76,12.06,,58.09,30.0,,4.642528368552846
62,62,Bosnia-And-Herzegovina,Sarajevo,419957.0,78.18,36.91,60.71,65.71,13.29,67.4,55.47,27.02,130.75,-2059.3566490540607
63,63,Bosnia-And-Herzegovina,Zenica-Bosnia-And-Herzegovina,107000.0,78.18,,64.68,63.34,10.0,,50.33,8.0,,-504.53993807826816
64,64,Botswana,Gaborone,235884.0,88.87,31.74,61.72,44.1,209.72,40.52,44.48,28.53,0.0,-8800.602898474759
65,65,Brazil,Belo-Horizonte,5328000.0,98.5,31.63,64.65,52.05,17.56,28.08,39.45,43.55,112.46,
66,66,Brazil,Brasilia,2817068.0,98.97,32.96,51.82,29.96,17.78,41.99,40.47,30.61,134.39,-43963.47140083183
67,67,Brazil,Curitiba,1773733.0,99.6,30.93,66.85,31.25,17.3,39.87,37.83,32.74,137.21,-30199.522120517136
68,68,Brazil,Florianopolis,537213.0,97.0,33.92,60.88,40.28,16.91,41.86,52.39,45.23,129.85,-4351.636041217656
69,69,Brazil,Fortaleza,4167996.0,80.35,32.43,51.89,56.52,23.63,19.99,25.28,43.4,81.92,
70,70,Brazil,Goiania,1437237.0,95.46,32.48,68.47,38.26,14.46,31.49,38.07,29.31,132.96,-25761.182425138668
71,71,Brazil,Guarulhos-Brazil,1324781.0,99.34,,60.71,46.83,20.27,,36.01,61.6,,-18692.1747938021
72,72,Brazil,Manaus,2063547.0,67.93,33.81,48.47,74.62,11.99,39.43,29.08,39.22,87.62,-64789.21257000977
73,73,Brazil,Porto-Alegre,1332570.0,98.74,32.73,64.35,56.9,13.76,37.78,29.35,31.32,117.82,-34065.65676355086
74,74,Brazil,Recife,1488920.0,79.28,29.71,64.3,70.95,11.2,52.64,24.05,46.92,100.29,-47161.759877573626
75,75,Brazil,Rio-De-Janeiro,12592000.0,88.22,34.49,45.54,67.28,23.59,25.76,22.48,51.82,71.37,
76,76,Brazil,Salvador,2418005.0,82.81,32.68,62.24,41.15,11.73,32.73,23.46,38.35,115.72,34810.55239930469
77,77,Brazil,Santos,1897551.0,90.62,,63.55,36.28,14.54,,49.44,20.25,,-4253.07879365657
78,78,Brazil,Sao-Paulo,23086000.0,99.04,36.62,59.86,78.69,23.48,31.16,29.68,50.75,79.29,
79,79,Brazil,Sao-Paulo-Brazil,23086000.0,99.04,36.62,59.86,78.69,23.48,31.16,29.68,50.75,79.29,
80,80,Brunei,Bandar-Seri-Begawan,50000.0,56.98,42.45,76.34,33.09,7.48,126.25,72.58,27.11,188.98,899.1948886406905
81,81,Bulgaria,Burgas,210813.0,87.37,38.53,56.11,46.28,8.83,62.18,61.89,17.73,154.98,534.8868069188552
82,82,Bulgaria,Pleven-Bulgaria,119596.0,77.59,,22.22,61.11,8.02,,65.81,33.33,,578.130340598434
83,83,Bulgaria,Plovdiv,346893.0,82.57,36.79,56.7,58.86,8.57,68.06,73.42,24.33,150.48,3553.6328703923855
84,84,Bulgaria,Ruse,143325.0,75.97,,66.67,75.22,6.31,,65.71,45.0,,816.3843597225047
85,85,Bulgaria,Sliven-Bulgaria,115241.0,77.59,,5.56,38.85,3.78,,67.02,60.0,,627.5112520450791
86,86,Bulgaria,Sofia,1547779.0,76.01,41.44,58.49,68.44,9.57,80.77,59.94,31.03,136.16,-196.7081713289621
87,87,Bulgaria,Stara-Zagora-Bulgaria,142746.0,81.34,,47.87,36.44,4.41,,76.88,19.2,,1940.7390785619295
88,88,Bulgaria,Varna,348594.0,85.08,39.22,63.84,59.73,9.66,60.98,64.56,28.86,142.74,1078.7977934704184
89,89,Burundi,Bujumbura-Burundi,1143202.0,,,53.7,67.53,,,47.93,46.0,,-8147.510005879941
90,90,Cambodia,Phnom-Penh,2129371.0,59.43,41.39,50.55,79.21,27.76,21.67,45.19,31.0,71.08,-50727.51088865092
91,91,Cambodia,Siem-Reap,147866.0,63.63,,41.53,68.32,30.3,,66.41,7.5,,654.5053597806698
92,92,Cameroon,Douala,5768400.0,59.46,48.58,37.98,96.14,48.31,7.42,29.68,40.0,15.56,
93,93,Cameroon,Yaounde-Cameroon,2440462.0,88.55,32.77,42.06,94.09,,30.34,50.82,55.0,,-23012.5553973284
94,94,Canada,Brampton,656480.0,59.24,,67.43,36.92,9.12,,44.83,44.7,,-5907.309393614726
95,95,Canada,Calgary,1306784.0,33.09,70.48,74.09,23.38,4.22,120.87,61.51,28.95,178.43,12710.05786299929
96,96,Canada,Cambridge-Canada,138479.0,50.84,,60.02,44.03,,,46.66,32.83,,-1195.9413806482341
97,97,Canada,Edmonton,1151635.0,32.11,62.97,77.33,28.78,3.81,119.42,53.4,28.09,172.77,3408.160282267339
98,98,Canada,Halifax,439819.0,58.99,67.87,66.34,24.11,9.53,91.03,59.03,31.38,164.04,2162.49694215596
99,99,Canada,Hamilton,9974.0,61.06,66.69,75.86,60.09,29.57,92.74,44.72,36.15,115.78,-114.94984260922052
100,100,Canada,Kitchener,522888.0,50.39,62.69,65.33,27.27,7.03,119.47,57.99,25.44,175.51,3557.238285126336
101,101,Canada,Laval,438366.0,53.29,,53.77,20.65,,,47.4,30.0,,-3511.609083647867
102,102,Canada,Markham,338503.0,55.75,,78.09,14.97,7.72,,73.43,34.4,,3666.367011795958
103,103,Canada,Mississauga,717961.0,58.72,59.93,69.94,23.47,8.77,117.63,56.5,37.3,173.79,3905.07386838418
104,104,Canada,Montreal,3675219.0,52.37,63.58,62.54,33.72,10.62,100.13,67.63,39.72,157.02,36162.440831022184
105,105,Canada,Oshawa,335949.0,53.59,,79.43,38.7,,,40.5,31.88,,-4089.37280582918
106,106,Canada,Ottawa,1068821.0,44.46,67.66,68.76,24.51,8.07,104.56,69.37,34.4,170.46,14083.491539694176
107,107,Canada,Quebec-City,733156.0,47.98,64.07,69.32,37.0,11.61,102.8,77.79,33.91,164.11,12974.034285273474
108,108,Canada,Saskatoon,266141.0,15.79,66.94,64.49,30.38,4.41,96.73,49.28,15.42,155.33,-1150.1791911858395
109,109,Canada,Surrey,568322.0,88.55,69.63,66.38,34.45,20.18,81.23,35.74,36.21,138.21,-8171.850326164791
110,110,Canada,Toronto,5647656.0,65.35,67.1,74.32,37.38,12.9,107.27,56.68,44.72,155.87,19698.482418393975
111,111,Canada,Vancouver,2426160.0,91.15,70.09,72.16,25.49,14.09,95.02,57.71,36.72,169.66,15436.859522620896
112,112,Canada,Victoria,30623.0,92.52,72.82,66.38,18.41,15.24,78.38,58.89,32.0,167.39,189.39054324668032
113,113,Canada,Winnipeg,758515.0,24.67,64.07,68.36,35.73,6.23,95.34,39.67,31.32,141.42,-9538.2535243981
114,114,Cayman-Islands,George-Town,27704.0,58.15,26.31,77.19,55.46,7.18,94.1,72.95,25.0,165.1,321.3836882345939
115,115,Central-African-Republic,Bangui-Central-African-Republic,889231.0,72.09,,34.26,84.83,,,18.02,5.0,,-25110.218878344527
116,116,Chile,Concepcion,49782.0,96.65,,65.42,42.66,19.05,,45.79,36.38,,-360.0491414193312
117,117,Chile,Santiago,49360.0,90.21,43.29,65.16,70.78,17.94,43.21,36.82,37.12,103.82,-1277.4688331051318
118,118,Chile,Valparaiso,24241.0,97.88,40.49,52.78,54.55,,36.43,32.6,29.5,,-480.70547414833754
119,119,Chile,Vina-Del-Mar,332875.0,97.98,40.67,68.75,39.01,17.32,39.08,60.13,29.75,143.59,-48.493587467762
120,120,China,Beijing,18522000.0,57.64,35.31,68.69,77.85,31.17,105.76,73.6,43.59,117.4,
121,121,China,Changsha-China,4766296.0,,32.82,70.37,57.73,24.21,69.83,80.53,33.33,,65082.82765167428
122,122,China,Chengdu,14645000.0,91.18,29.86,65.7,72.88,18.17,80.23,79.63,38.93,139.38,
123,123,China,Chongqing,12135000.0,91.6,27.67,64.58,75.16,17.24,76.15,78.75,46.88,132.65,
124,124,China,Dalian,5871474.0,63.7,30.28,75.0,62.16,16.49,69.91,83.42,30.0,144.95,
125,125,China,Dongguan-China,10646000.0,81.8,32.48,58.33,78.51,26.46,74.9,66.57,40.0,111.8,-1622.161750805045
126,126,China,Foshan,9498863.0,80.64,,49.07,70.69,18.91,,58.4,17.0,,1156.6606194145766
127,127,China,Guangzhou,26940000.0,80.3,33.4,67.18,69.91,31.93,84.06,70.17,37.46,121.74,
128,128,China,Hangzhou,9523000.0,84.29,33.73,69.76,66.51,26.74,78.47,83.42,37.0,136.14,
129,129,China,Hong-Kong,7450000.0,83.64,71.45,65.96,67.01,29.29,109.37,78.39,41.9,135.15,
130,130,China,Jinan-China,5606374.0,66.62,30.13,59.72,78.04,17.28,70.68,82.44,50.0,118.28,60230.08286999645
131,131,China,Nanjing,8422000.0,80.6,30.7,73.48,72.74,27.62,77.37,86.34,46.5,127.95,
132,132,China,Ningbo,4087523.0,,,56.25,80.75,28.98,,88.43,35.0,,
133,133,China,Qingdao,5818255.0,70.4,35.56,76.72,50.47,21.55,60.57,89.67,27.87,150.54,
134,134,China,Shanghai,24073000.0,83.64,36.93,64.42,71.48,36.91,91.45,71.32,46.96,114.15,
135,135,China,Shenyang,7964000.0,35.46,27.85,79.98,91.55,9.94,81.4,76.51,34.8,123.47,56498.988960104696
136,136,China,Shenzhen,17619000.0,81.8,34.62,61.2,56.96,30.03,104.37,73.5,34.9,141.33,
137,137,China,Suzhou,5324476.0,75.8,56.96,66.67,72.55,22.29,55.34,88.31,22.2,130.77,
138,138,China,Tianjin,10368000.0,64.22,29.95,73.81,86.06,24.35,89.93,66.16,47.0,111.76,5707.397882715932
139,139,China,Wuhan,10251000.0,82.22,30.86,71.67,86.32,19.25,73.93,76.06,33.15,127.22,
140,140,China,Zhengzhou-China,5621593.0,74.29,29.59,77.78,94.3,19.16,60.06,78.59,65.0,101.71,32890.674084584745
141,141,Colombia,Barranquilla,1326588.0,54.07,29.25,63.21,51.31,15.29,30.72,33.62,35.5,102.24,-35992.532419235315
142,142,Colombia,Bogota,7968095.0,97.12,29.7,65.18,70.2,22.02,30.2,33.5,51.98,89.49,
143,143,Colombia,Bucaramanga,893040.0,97.37,26.7,68.95,52.34,14.02,43.85,47.01,36.2,131.4,-10331.108963976236
144,144,Colombia,Cali,2471474.0,93.2,30.22,70.31,42.05,10.88,39.53,28.29,33.92,130.25,-60533.67930088805
145,145,Colombia,Cartagena,22738.0,55.95,35.22,51.85,50.57,27.49,33.73,47.41,30.0,96.86,-269.9566925083473
146,146,Colombia,Cucuta-Colombia,806378.0,80.03,28.48,69.44,63.79,25.96,28.92,35.59,47.0,88.98,-21675.25072863078
147,147,Colombia,Medellin,2529403.0,99.76,31.86,78.42,63.34,18.27,32.69,46.43,38.7,117.87,-35366.33493849253
148,148,Costa-Rica,San-Jose-Costa-Rica,339581.0,99.48,53.04,61.89,52.48,8.91,43.34,44.26,63.6,116.38,2973.539118415609
149,149,Croatia,Karlovac,49377.0,83.86,,72.22,15.17,11.76,,83.86,12.0,,940.1752861308942
150,150,Croatia,Osijek,96313.0,82.89,43.97,61.84,17.66,9.42,67.69,82.23,16.31,186.81,2097.225098868281
151,151,Croatia,Pula,52220.0,90.07,,56.94,23.7,12.73,,73.1,13.2,,593.435102703279
152,152,Croatia,Rijeka,107964.0,94.85,48.77,66.16,32.45,10.97,68.22,75.41,18.33,176.43,1441.864522354015
153,153,Croatia,Sesvete-Croatia,70800.0,81.75,,68.75,15.52,,,90.0,57.0,,1600.3553824141345
154,154,Croatia,Slavonski-Brod,45005.0,80.75,,59.17,53.72,,,83.58,12.67,,803.3376356441795
155,155,Croatia,Split,160577.0,96.26,46.61,71.51,26.57,16.89,67.05,68.74,18.4,173.42,1841.3151603685908
156,156,Croatia,Zadar,70779.0,88.71,49.44,54.27,34.86,20.7,47.2,49.43,27.2,132.4,-635.8592553468335
157,157,Croatia,Zagreb,767131.0,82.19,47.85,65.03,33.3,12.34,79.78,78.71,30.02,170.35,13734.895166188844
158,158,Cuba,Havana,2089532.0,89.86,50.38,54.51,58.08,55.29,1.82,67.91,46.67,64.06,-19033.47207665431
159,159,Cyprus,Kyrenia-Cyprus,33207.0,86.01,,77.78,53.45,8.82,,88.35,27.67,,735.1758877188832
160,160,Cyprus,Larnaca,84900.0,94.95,57.38,58.82,50.34,10.18,56.74,71.6,41.2,143.6,791.6487498954411
161,161,Cyprus,Limassol,235056.0,95.74,57.84,51.26,59.46,11.15,69.75,62.76,20.57,144.84,959.8691869628825
162,162,Cyprus,Nicosia,330000.0,86.01,53.7,56.55,57.84,6.8,75.85,69.52,24.38,153.48,3223.99185418128
163,163,Cyprus,Paphos,63600.0,96.66,54.29,68.72,36.63,5.83,83.65,67.76,19.38,181.69,854.058934644782
164,164,Czech-Republic,Brno,396101.0,78.17,43.65,76.3,40.25,13.16,95.38,74.51,26.01,174.62,6460.894163207117
165,165,Czech-Republic,Ceske-Budejovice,96417.0,79.16,48.9,89.72,43.1,11.16,74.86,80.94,35.0,170.41,1956.6954750693073
166,166,Czech-Republic,Hradec-Kralove,93506.0,77.14,45.69,85.19,28.79,12.87,92.67,79.33,19.75,190.01,2055.3240950384684
167,167,Czech-Republic,Liberec,107389.0,85.53,46.8,82.61,31.03,10.7,80.5,69.26,24.8,179.92,1445.2047552899294
168,168,Czech-Republic,Olomouc,101825.0,73.57,,75.71,31.82,15.92,,80.74,24.0,,1648.426521656804
169,169,Czech-Republic,Ostrava,283504.0,76.12,46.17,82.34,54.19,7.3,85.1,69.03,16.7,170.48,3377.7801894779186
170,170,Czech-Republic,Pardubice,92149.0,76.82,45.31,79.72,45.2,12.99,75.46,67.66,12.75,167.48,906.8402918338451
171,171,Czech-Republic,Plzen,181240.0,81.43,46.49,75.87,33.94,11.19,95.97,69.16,23.58,180.2,2472.865437224046
172,172,Czech-Republic,Prague,1357326.0,80.67,50.42,74.72,33.52,17.12,83.63,75.51,31.82,167.57,21863.332986989113
173,173,Denmark,Aalborg,143598.0,81.94,74.93,75.88,13.73,6.23,115.46,74.7,24.62,206.02,3531.6865003614794
174,174,Denmark,Aarhus-Denmark,290598.0,81.2,74.23,79.28,26.63,7.15,125.12,78.31,29.58,200.87,7749.905780701487
175,175,Denmark,Copenhagen,1366301.0,83.74,76.76,76.82,21.26,8.35,119.34,74.13,27.97,199.25,32163.33298589511
176,176,Denmark,Esbjerg,71921.0,80.25,,66.67,5.17,2.33,,64.93,13.5,,417.15561559997985
177,177,Denmark,Horsens,63162.0,77.78,70.37,91.67,78.45,3.6,98.02,81.05,26.0,166.39,1402.1467842636819
178,178,Denmark,Kolding-Denmark,62338.0,80.32,,84.03,2.59,4.54,,88.6,35.0,,1418.1665431887625
179,179,Denmark,Odense,182387.0,80.32,76.95,85.14,29.79,5.0,94.63,74.55,32.88,186.96,3823.2615756826053
180,180,Dominican-Republic,Santo-Domingo,10759.0,67.82,44.98,54.92,77.92,16.91,26.92,31.72,36.18,79.76,-233.88782892520402
181,181,Dominican-Republic,Santo-Domingo-Este-Dominican-Republic,3587000.0,,,66.67,90.09,,,54.9,73.5,,
182,182,Ecuador,Cuenca,361524.0,98.36,32.17,78.29,46.96,13.37,40.5,54.5,35.2,142.06,-1705.707868085723
183,183,Ecuador,Guayaquil,2650288.0,86.21,37.66,51.19,71.08,13.1,40.61,25.6,37.4,95.31,-83717.47575350803
184,184,Ecuador,Quito,1763275.0,98.97,35.09,70.08,65.07,12.97,39.31,37.0,40.06,115.36,-35818.401230250485
185,185,Egypt,Alexandria,13640.0,95.5,18.37,45.34,73.48,14.29,18.52,54.94,43.98,97.75,-187.56563203278637
186,186,Egypt,Cairo-Egypt,20296000.0,88.45,20.79,45.93,90.78,17.66,18.18,49.33,49.93,74.57,
187,187,Egypt,Giza,5598402.0,88.45,,62.58,101.44,12.17,,41.47,50.0,,-61550.99786866145
188,188,El-Salvador,San-Salvador,12733.0,86.6,41.22,52.87,87.15,13.76,28.06,39.35,41.07,84.39,-480.6154914170487
189,189,Equatorial-Guinea,Bata-Equatorial-Guinea,455000.0,,,38.89,72.41,,,38.71,26.0,,-4971.2497290155
190,190,Equatorial-Guinea,Malabo-Equatorial-Guinea,297000.0,71.16,,44.44,45.86,,,60.74,15.0,,464.3522437339438
191,191,Estonia,Narva-Estonia,53875.0,,,57.99,38.7,3.87,,55.46,16.5,,-53.94126361687792
192,192,Estonia,Parnu-Estonia,39605.0,78.11,,75.82,24.57,10.29,,73.55,10.62,,469.7959578328702
193,193,Estonia,Rakvere-Estonia,15614.0,61.2,,80.56,2.8,6.04,,82.48,14.33,,275.15048216621045
194,194,Estonia,Tallinn,614561.0,64.28,55.79,74.78,18.82,11.56,79.94,77.69,24.72,180.11,11616.204789097628
195,195,Estonia,Tartu,97524.0,,53.33,85.73,11.0,10.14,77.23,78.0,15.35,,1474.9869283250755
196,196,Ethiopia,Addis-Ababa,3041002.0,96.82,49.85,53.79,74.58,54.24,10.19,51.1,70.62,39.15,-71600.51718510328
197,197,Fiji,Nadi-Fiji,71048.0,82.11,,40.28,57.2,2.72,,47.09,95.0,,-523.7830857356452
198,198,Fiji,Suva,185913.0,71.89,37.22,49.95,51.81,1.57,96.36,45.55,34.82,148.02,-1456.2037724052925
199,199,Finland,Espoo,297132.0,59.49,74.24,66.42,12.72,11.31,103.04,81.39,29.71,186.24,7293.925422991653
200,200,Finland,Helsinki,1360075.0,62.79,67.23,80.0,12.68,10.96,107.89,75.43,25.41,194.97,30675.914623320692
201,201,Finland,Jyvaskyla,145887.0,46.21,62.05,63.3,6.29,4.49,116.8,79.91,22.2,201.41,3647.7375555908948
202,202,Finland,Kuopio,121557.0,44.79,62.46,82.22,16.78,5.73,104.19,83.26,24.0,195.96,3180.198348235208
203,203,Finland,Lahti,118119.0,55.91,63.62,59.85,14.07,5.42,110.6,52.28,40.0,171.8,262.08695525623375
204,204,Finland,Oulu,208939.0,46.38,65.36,71.75,14.25,4.89,124.96,65.22,19.25,196.2,3068.932682142332
205,205,Finland,Tampere,334112.0,54.32,60.23,79.97,15.33,7.35,124.38,78.71,28.13,201.55,8389.380914385021
206,206,Finland,Turku,252468.0,60.23,64.7,83.82,14.57,5.15,116.66,78.48,27.51,204.43,6465.2068231965495
207,207,Finland,Vantaa,214605.0,59.49,65.79,62.78,18.51,10.02,90.49,74.11,33.14,172.69,3499.4350385016623
208,208,France,Bordeaux,994920.0,93.3,66.92,83.29,39.05,11.23,97.57,50.48,28.73,170.36,2167.514651989678
209,209,France,Brest,342461.0,93.14,55.91,83.89,44.54,5.33,121.12,39.99,31.33,176.77,-1219.7473610733416
210,210,France,Grenoble,157477.0,81.62,63.32,75.15,56.87,7.85,106.77,39.99,25.26,155.24,-1131.4921022241033
211,211,France,Lille,16564.0,87.78,63.91,80.63,51.61,12.51,99.23,49.11,35.18,154.86,-21.44841128284823
212,212,France,Lyon,522250.0,88.51,68.9,77.03,51.62,9.41,106.34,44.48,35.78,156.49,-1498.7142283261169
213,213,France,Marseille,873076.0,92.7,69.9,82.75,71.6,9.28,87.7,34.04,31.14,136.53,-12303.421041733409
214,214,France,Montpellier,302454.0,92.22,64.29,88.43,43.27,10.34,97.67,37.26,30.75,162.81,-2438.6698097626586
215,215,France,Nantes,323204.0,91.59,,80.11,32.91,14.72,,40.83,31.53,,-3299.901028583964
216,216,France,Nice,348085.0,95.11,70.34,85.5,49.0,10.96,94.56,43.99,40.19,154.98,-1488.6540513218417
217,217,France,Paris,14956.0,88.39,74.99,77.29,64.52,17.72,93.77,42.24,41.33,130.11,-140.29707583696674
218,218,France,Rennes,225081.0,90.4,55.89,87.5,45.21,10.02,108.23,46.9,23.29,174.49,32.43224554831179
219,219,France,Strasbourg,291313.0,84.71,67.24,78.89,45.22,9.22,94.93,58.44,31.16,165.31,1794.207603047886
220,220,France,Toulouse,504078.0,91.87,65.23,83.96,40.0,7.0,115.37,50.28,33.33,178.63,1491.521769651153
221,221,Gabon,Libreville-Gabon,797003.0,68.21,,31.48,76.47,73.32,,42.24,16.35,,-10978.95512598592
222,222,Georgia,Batumi,169095.0,92.86,31.18,69.05,46.87,10.88,38.06,81.68,42.55,148.12,2339.764123545056
223,223,Georgia,Tbilisi,1118035.0,84.2,35.62,55.05,71.7,14.34,33.96,74.38,40.58,114.87,4295.689304996098
224,224,Germany,Aachen,252136.0,87.19,62.41,80.91,34.97,11.15,125.63,66.5,23.55,192.45,4300.625260868746
225,225,Germany,Augsburg,301033.0,75.93,63.44,70.61,24.14,9.37,117.45,68.9,46.86,179.74,4443.539916267945
226,226,Germany,Berlin,17787.0,83.35,64.94,67.52,38.75,10.82,121.05,55.46,33.73,170.92,106.52023842511957
227,227,Germany,Bielefeld,338332.0,84.83,64.77,67.42,44.05,7.15,98.39,63.54,20.83,172.95,3569.952251957401
228,228,Germany,Bochum,365742.0,,63.89,59.52,37.82,7.87,100.3,72.23,23.0,,4570.829599324347
229,229,Germany,Bonn,336465.0,84.85,64.74,71.26,20.13,7.04,110.38,58.9,23.11,191.9,3771.26555895238
230,230,Germany,Bremen,569396.0,83.08,63.69,73.48,22.6,7.65,132.43,52.66,32.3,191.15,4350.229141930254
231,231,Germany,Cologne,1084831.0,84.85,63.78,72.78,38.42,10.26,113.53,57.45,35.94,171.31,8022.84059610008
232,232,Germany,Dortmund,593317.0,85.45,67.25,77.13,32.54,4.8,103.41,51.35,25.73,180.3,2457.090797317295
233,233,Germany,Dresden,563311.0,81.42,61.4,81.12,24.22,7.42,124.92,68.2,24.81,201.54,10767.276860493332
234,234,Germany,Duisburg-Germany,502211.0,89.61,61.72,63.19,60.0,5.79,106.06,42.67,52.33,140.78,-3875.3708006267348
235,235,Germany,Dusseldorf,629047.0,86.37,66.1,74.81,31.92,9.64,121.81,65.12,28.18,188.37,9698.139134607183
236,236,Germany,Erlangen,116562.0,78.84,64.63,80.32,23.04,5.91,188.38,81.02,8.75,242.17,4311.123366429906
237,237,Germany,Essen,19162.0,89.61,67.81,85.73,26.52,6.19,117.92,52.38,42.0,185.87,128.50791125795226
238,238,Germany,Frankfurt,773068.0,84.72,63.99,75.89,33.68,8.01,138.99,53.54,24.16,192.02,6787.419404228217
239,239,Germany,Freiburg-Im-Breisgau,236140.0,85.86,65.01,72.14,15.53,13.47,115.52,66.19,25.88,193.52,3815.323383704753
240,240,Germany,Hamburg,2484800.0,82.75,68.57,74.92,29.11,11.57,111.29,57.51,33.0,176.5,19750.35218703448
241,241,Germany,Hanover,15733.0,83.48,64.74,69.68,24.89,7.04,111.71,53.84,21.68,186.34,105.66996693913458
242,242,Germany,Heidelberg,162273.0,82.49,66.21,81.79,15.77,10.41,135.63,75.71,29.27,210.14,4255.009018658073
243,243,Germany,Leipzig,616093.0,82.33,61.1,70.96,22.02,7.85,109.63,58.68,27.24,186.75,5847.324308058624
244,244,Germany,Mannheim,315554.0,81.74,64.99,72.91,44.67,8.54,123.54,56.55,35.53,171.52,2231.27172898305
245,245,Germany,Munich,2606021.0,75.98,68.2,77.36,25.05,15.29,111.83,79.66,30.84,186.61,62276.941599078134
246,246,Germany,Nuremberg,523026.0,77.54,64.77,63.1,26.66,10.53,119.14,63.11,36.48,177.28,6066.366312674572
247,247,Germany,Stuttgart,2787724.0,81.07,65.19,76.21,39.64,7.66,139.52,65.33,29.52,190.61,45040.29367978097
248,248,Germany,Wuppertal-Germany,358876.0,,57.89,70.0,23.92,5.14,128.19,43.2,24.0,,-2036.8564474131779
249,249,Ghana,Accra,2388000.0,67.03,32.54,57.11,90.08,352.53,15.82,55.43,52.5,0.0,-89242.85531638058
250,250,Ghana,Kumasi-Ghana,3490030.0,74.7,,83.33,63.1,,,61.74,3.0,,11381.253535521504
251,251,Greece,Athens,3059764.0,95.18,54.2,56.91,56.69,14.87,51.93,44.08,38.84,119.81,-40659.31231311005
252,252,Greece,Piraeus-Greece,448051.0,95.22,,32.87,77.89,11.63,,60.44,30.0,,817.9736756711891
253,253,Greece,Thessaloniki,802572.0,88.39,54.3,55.39,65.5,14.28,46.67,46.27,29.92,115.08,-10370.362612693725
254,254,Guatemala,Guatemala-City,3014000.0,99.89,41.33,63.69,72.81,13.4,29.66,37.99,50.28,98.42,-66938.60304442821
255,255,Guatemala,Quetzaltenango-Guatemala,204075.0,95.6,,44.44,77.16,6.96,,59.56,60.0,,326.6384291518524
256,256,Guyana,Georgetown,222.0,65.81,45.24,35.45,68.1,31.74,26.1,29.48,52.0,53.64,-7.9966009363592585
257,257,Haiti,Port-Au-Prince-Haiti,987310.0,88.04,58.33,35.07,105.0,33.9,11.02,17.55,95.0,0.0,-50483.75296383676
258,258,Honduras,San-Pedro-Sula,793835.0,65.62,41.17,27.78,86.21,3.85,37.88,20.23,18.0,83.81,-14719.598989402388
259,259,Honduras,Tegucigalpa,1682725.0,98.65,35.62,43.86,80.17,12.5,39.28,25.65,21.71,98.59,-51967.07808375499
260,260,Hong-Kong,Kowloon-Hong-Kong,7346000.0,83.64,71.45,65.96,67.01,29.29,109.37,78.39,41.9,135.15,
261,261,Hungary,Budapest,2997958.0,78.41,44.14,52.14,53.05,13.9,66.82,65.9,38.98,133.49,8757.567909742813
262,262,Hungary,Debrecen,328642.0,79.07,39.84,57.55,39.04,11.39,64.71,75.95,20.53,161.57,4391.040690168744
263,263,Hungary,Gyor,246159.0,79.82,,59.26,21.7,11.23,,70.27,24.33,,2232.6976551736975
264,264,Hungary,Kecskemet-Hungary,187835.0,78.18,,61.81,27.59,,,85.64,45.0,,3622.9453384227254
265,265,Hungary,Nyiregyhaza-Hungary,238020.0,79.37,,67.06,31.49,9.05,,68.19,22.0,,1874.2519987446958
266,266,Hungary,Pecs,251412.0,82.72,44.92,63.03,42.82,13.36,46.61,72.96,16.67,153.18,2452.30427183342
267,267,Hungary,Szeged,239025.0,80.97,40.75,60.8,35.29,11.9,66.03,74.19,26.0,162.31,2904.391461540587
268,268,Hungary,Szekesfehervar,272474.0,84.38,45.68,59.34,37.36,13.23,63.41,76.63,29.33,158.17,3791.748952286249
269,269,Hungary,Szombathely-Hungary,147920.0,81.29,,60.19,20.69,12.08,,85.29,10.0,,2894.277678194097
270,270,Iceland,Akureyri,19893.0,58.34,,65.74,30.23,4.64,,78.29,18.0,,306.56089702097046
271,271,Iceland,Reykjavik,139875.0,68.81,84.6,67.84,15.47,7.57,100.54,75.57,21.91,190.78,3097.118596234024
272,272,India,Ahmedabad,8009000.0,49.27,23.06,67.15,72.46,7.81,62.93,67.87,39.04,124.45,4463.717521830017
273,273,India,Bangalore,15386000.0,89.39,25.95,65.05,82.89,6.55,165.65,45.59,53.55,153.68,-53995.17643527304
274,274,India,Chandigarh,1055450.0,,20.62,62.85,51.03,14.12,97.71,56.79,31.81,,-1568.383326274188
275,275,India,Chennai,12395000.0,53.22,22.06,69.4,74.69,9.1,98.91,60.08,46.69,130.66,-21440.814740288988
276,276,India,Coimbatore,959823.0,78.1,20.37,68.73,63.06,10.49,50.34,61.99,47.0,126.59,-2727.4672886089543
277,277,India,Delhi,32226000.0,58.9,24.11,66.68,90.24,8.3,119.79,41.05,57.81,114.96,
278,278,India,Ghaziabad,2375820.0,65.98,20.79,56.81,92.1,9.0,66.66,40.96,58.75,90.0,-52561.24892327454
279,279,India,Gurgaon,876824.0,59.87,25.59,65.12,90.8,7.96,125.43,46.37,35.42,130.6,-8020.833618525573
280,280,India,Hyderabad,10494000.0,73.54,23.22,65.28,76.11,4.91,126.16,56.77,42.41,150.3,8537.31265021663
281,281,India,Jaipur,3073350.0,57.76,21.3,72.54,61.07,7.1,83.44,65.76,42.25,143.46,9805.025669801631
282,282,India,Kanpur,2701324.0,69.24,18.65,65.83,88.25,13.38,62.76,53.91,31.5,111.64,-31538.346440631205
283,283,India,Kochi,677381.0,58.87,20.25,63.71,71.77,21.2,70.91,58.83,41.43,111.1,-4947.639450532203
284,284,India,Kolkata,18502000.0,60.9,21.19,59.77,78.41,8.25,67.3,54.05,59.44,105.79,
285,285,India,Mumbai,24973000.0,71.48,24.63,65.34,83.51,31.76,72.62,55.36,54.89,89.36,
286,286,India,Nagpur,2405665.0,55.82,20.42,66.93,60.59,13.92,85.18,61.59,28.85,139.46,-4224.636335094542
287,287,India,New-Delhi-India,249998.0,58.9,24.11,66.68,90.24,8.3,119.79,41.05,57.81,114.96,-3925.929282502218
288,288,India,Noida,637272.0,58.9,24.35,67.52,91.55,7.6,106.9,44.74,44.12,118.64,-8306.927825097433
289,289,India,Pune,8231000.0,74.32,24.38,65.66,71.31,6.3,152.62,58.97,44.14,163.22,50999.7683986388
290,290,India,Surat,6538000.0,58.67,21.0,66.5,55.95,8.32,46.21,65.9,26.84,136.45,433.92459667102105
291,291,India,Vadodara,2065771.0,,22.06,72.82,64.05,6.63,63.76,68.95,29.48,,10579.803356935716
292,292,Indonesia,Bali,293373.0,64.28,33.37,62.04,78.6,28.44,17.23,49.76,24.0,81.84,-5548.924664309558
293,293,Indonesia,Bekasi-Indonesia,2590257.0,64.94,,76.98,69.17,9.32,,62.54,60.0,,8270.02395643578
294,294,Indonesia,Jakarta,33756000.0,63.76,30.14,57.18,84.83,14.14,48.31,47.31,53.08,86.86,
295,295,Indonesia,Malang,2795209.0,66.98,,65.08,30.78,,,70.31,26.4,,23583.826863721537
296,296,Indonesia,Medan,3632000.0,60.65,,60.56,76.13,18.88,,45.61,30.05,,-33853.047867748224
297,297,Indonesia,Surabaya,6998000.0,55.68,26.23,69.29,55.91,22.26,36.38,63.75,35.31,112.89,-35927.78010903467
298,298,Indonesia,Tangerang,2237006.0,71.84,28.15,74.07,58.49,15.58,29.18,55.42,51.6,109.77,-23858.408467299756
299,299,Iran,Esfahan,2219343.0,55.78,23.94,56.02,57.59,20.36,24.43,64.89,35.8,104.17,-14829.85374335276
300,300,Iran,Karaj-Iran,1973470.0,68.78,30.88,38.45,73.48,19.26,20.15,38.88,48.75,70.1,-56653.341239706475
301,301,Iran,Mashhad,3372090.0,70.3,24.9,49.26,70.72,24.93,24.67,50.79,42.0,82.83,-63905.08175204933
302,302,Iran,Shiraz,1565572.0,57.58,34.23,66.19,51.68,32.71,22.5,50.21,27.14,95.61,-26934.609002747868
303,303,Iran,Tabriz,1558693.0,67.58,,43.52,67.24,29.71,,65.99,31.46,,6475.666344471554
304,304,Iran,Tehran,14148000.0,70.99,29.42,53.15,80.43,37.76,21.25,43.15,52.11,54.62,
305,305,Iraq,As-Sulaymaniyah,878146.0,,32.85,55.26,43.04,6.82,46.65,76.9,22.5,,8929.616415401355
306,306,Iraq,Baghdad,6183000.0,36.5,32.84,35.05,92.23,17.2,39.49,43.78,52.6,55.6,
307,307,Iraq,Erbil-Iraq,846000.0,57.46,34.89,48.97,68.52,7.63,44.26,69.29,26.25,121.17,561.9914437913866
308,308,Iraq,Kirkuk-Iraq,975000.0,,,77.78,52.87,4.9,,47.06,10.0,,-6195.564261350261
309,309,Iraq,Mosul-Iraq,1792000.0,55.02,28.81,22.22,113.79,5.91,52.56,24.73,44.6,53.66,-70872.78986500853
310,310,Ireland,Cork,222333.0,89.78,69.59,55.84,26.43,5.99,108.84,64.13,33.91,180.33,2879.1152706785283
311,311,Ireland,Dublin,1263219.0,85.89,70.34,51.17,41.33,9.51,100.1,46.94,40.62,148.2,-4965.311988419597
312,312,Ireland,Galway,83456.0,90.11,62.19,48.71,21.7,6.29,104.63,68.61,31.33,183.03,1302.8159835096062
313,313,Ireland,Limerick,58319.0,90.75,59.93,45.96,32.45,5.58,95.93,58.95,27.57,169.49,341.8126954820334
314,314,Ireland,Waterford,48369.0,92.31,67.27,27.78,23.92,5.95,97.98,52.78,37.75,159.97,56.35172098499274
315,315,Israel,Ashdod,220174.0,94.68,68.41,70.56,54.89,16.1,72.53,67.87,62.67,131.87,1520.1986246352812
316,316,Israel,Beersheba,209000.0,94.69,,67.59,64.47,7.62,,53.45,17.5,,-354.0136037298512
317,317,Israel,Haifa,600000.0,93.57,64.55,74.1,71.51,9.46,111.29,73.18,27.59,164.56,10181.174483106965
318,318,Israel,Holon,194300.0,95.46,62.76,70.69,58.12,11.25,110.38,63.8,9.0,175.38,2329.926365203269
319,319,Israel,Jerusalem,936425.0,93.88,64.09,72.34,60.87,21.31,88.85,63.03,39.81,139.08,4711.667678295932
320,320,Israel,Netanya,217200.0,93.94,,74.57,41.61,14.92,,42.95,32.44,,-1939.1171009253242
321,321,Israel,Rishon-Leziyyon,249860.0,94.68,,68.4,40.39,14.3,,74.55,45.25,,3161.888531063787
322,322,Israel,Tel-Aviv-Yafo,1388400.0,93.88,69.9,73.8,45.92,24.06,97.96,73.79,35.66,157.4,21817.332688538743
323,323,Italy,Bari,62721.0,95.02,53.42,50.14,48.39,8.76,84.89,49.43,16.5,155.78,-176.6568921962157
324,324,Italy,Bologna,387971.0,88.12,63.76,76.43,59.82,11.49,69.18,52.4,32.75,139.7,-1187.6604758394737
325,325,Italy,Catania,298762.0,93.96,49.19,56.05,71.33,5.59,67.72,42.83,32.96,127.7,-3942.293017858767
326,326,Italy,Florence,360930.0,92.45,61.74,68.28,44.17,14.39,66.98,60.46,28.64,150.82,1170.2836764365102
327,327,Italy,Genoa,558745.0,95.0,60.9,67.18,50.87,5.57,84.39,54.95,34.83,156.78,1088.1021243705425
328,328,Italy,Messina-Italy,218786.0,97.52,,37.22,51.8,4.71,,55.47,34.67,,-165.72540442901104
329,329,Italy,Milan,1354196.0,88.12,68.33,71.49,67.23,20.07,58.78,48.61,35.85,116.14,-12982.844276552707
330,330,Italy,Naples,913462.0,95.76,55.22,58.98,80.13,13.64,62.54,37.39,43.95,104.66,-17610.56486125941
331,331,Italy,Padova,206496.0,92.84,60.57,73.95,67.5,10.69,72.75,56.46,29.69,141.25,54.322611061440064
332,332,Italy,Palermo,800000.0,97.63,52.68,58.67,66.18,6.03,69.08,55.45,32.06,139.92,-1000.8462778049748
333,333,Italy,Parma,196764.0,87.98,59.35,67.35,65.37,8.35,79.55,62.73,23.0,150.09,1086.595293294945
334,334,Italy,Rimini,149211.0,90.34,57.04,87.96,32.35,7.73,86.92,54.3,16.75,183.84,835.6214407390705
335,335,Italy,Rome,2748109.0,93.7,55.28,63.39,55.0,14.88,76.67,50.46,38.18,136.33,-14645.148634530024
336,336,Italy,Turin,8997.0,85.66,58.07,66.17,68.85,8.05,83.53,48.15,27.97,138.77,-52.94401686670426
337,337,Italy,Venice,250369.0,82.39,66.86,63.48,64.18,14.11,61.6,66.32,43.75,125.19,890.692912511705
338,338,Italy,Verona,255588.0,87.02,55.51,65.63,60.76,11.7,83.13,65.51,27.67,149.67,1823.3112264323015
339,339,Jamaica,Kingston-Jamaica,10409.0,71.58,57.85,51.15,72.11,19.02,28.24,30.19,52.56,71.55,-329.5921782745805
340,340,Japan,Fukuoka,2286000.0,86.35,48.46,80.0,41.24,12.19,84.18,82.83,38.17,172.26,50202.95897876399
341,341,Japan,Kawasaki-Japan,1531646.0,,,77.78,30.0,,,88.24,85.0,,32487.829206732684
342,342,Japan,Kobe,1521707.0,87.2,,86.67,24.01,,,83.12,48.0,,28355.155083291917
343,343,Japan,Kyoto,1463723.0,84.41,50.31,83.33,38.15,14.3,97.23,85.6,33.33,181.73,37725.18717547925
344,344,Japan,Nagoya,9197000.0,86.22,57.74,84.51,31.53,5.94,86.86,90.38,14.0,202.75,
345,345,Japan,Osaka,15126000.0,84.32,43.85,80.3,48.72,10.12,121.97,67.02,27.73,181.67,
346,346,Japan,Sapporo,1959313.0,72.32,49.74,89.81,22.84,6.59,91.46,93.13,51.0,190.89,62132.523120992286
347,347,Japan,Tokyo,37732000.0,85.26,53.38,79.03,42.39,13.86,106.25,75.88,42.54,171.74,
348,348,Japan,Yokohama,3757630.0,86.94,44.22,78.12,27.45,8.77,127.64,85.3,59.67,192.61,
349,349,Jordan,Amman,4007526.0,89.05,43.09,65.09,77.25,7.84,43.85,61.46,40.28,120.21,-11083.451716219399
350,350,Jordan,Irbid-Jordan,569068.0,93.33,33.03,94.44,75.96,5.23,44.27,58.7,14.0,149.78,-122.17555293339214
351,351,Kazakhstan,Almaty,1916822.0,58.3,35.2,48.73,78.44,11.99,45.91,46.34,39.73,92.79,-36174.39338394873
352,352,Kazakhstan,Astana,1078362.0,21.26,32.69,66.96,54.81,8.11,46.88,66.93,33.64,121.35,-1971.5399603306691
353,353,Kenya,Kisumu-Kenya,409928.0,97.59,,44.44,0.0,,,89.71,20.0,,9367.935969555847
354,354,Kenya,Mombasa,1208333.0,74.35,27.4,83.47,73.56,72.0,30.73,36.12,60.0,34.74,-20908.017983400405
355,355,Kenya,Nairobi,5545000.0,99.79,32.04,62.14,79.76,11.78,33.55,40.54,52.65,97.32,
356,356,Kenya,Nakuru-Kenya,570674.0,,,51.39,29.31,,,47.13,5.0,,-4064.2457345742655
357,357,Kosovo,Pristina,198897.0,76.84,30.03,68.27,69.71,14.61,49.26,68.55,21.87,131.87,444.0537526593356
358,358,Kuwait,Kuwait-City,3000000.0,20.22,44.31,57.75,71.07,10.1,119.83,70.21,34.55,133.69,20914.09840634611
359,359,Kyrgyzstan,Bishkek,1120827.0,58.11,29.11,54.53,73.87,14.28,28.63,45.61,30.78,93.61,-22968.248898148315
360,360,Laos,Vientiane,948487.0,74.16,37.34,33.73,81.14,20.37,20.25,69.27,21.5,92.0,-4260.400421870971
361,361,Latvia,Daugavpils-Latvia,78850.0,64.24,,75.0,41.38,4.26,,63.31,12.0,,333.0323676923259
362,362,Latvia,Jurmala-Latvia,51158.0,67.05,,78.97,16.28,,,64.67,21.75,,262.9350990479009
363,363,Latvia,Liepaja-Latvia,67088.0,74.05,,55.56,11.06,6.47,,55.67,19.0,,-59.415582781721234
364,364,Latvia,Rezekne-Latvia,26378.0,63.14,,72.22,26.72,,,64.37,25.5,,117.96151820530582
365,365,Latvia,Riga,29974.0,74.7,51.63,60.48,37.83,8.66,67.54,61.25,31.13,152.13,88.3573012106328
366,366,Latvia,Ventspils-Latvia,32948.0,78.84,44.49,56.67,9.86,4.14,64.39,67.0,21.5,182.3,347.20038968946585
367,367,Lebanon,Beirut,2421354.0,94.74,45.27,64.57,93.88,31.5,20.77,53.5,39.55,74.07,-39447.05970839409
368,368,Lebanon,Tripoli-Lebanon,30448.0,95.09,,38.1,86.78,21.22,,47.36,28.33,,-224.05464035958406
369,369,Lesotho,Maseru,343541.0,91.79,,55.56,58.62,2.95,,31.2,51.0,,-5963.40452277074
370,370,Liberia,Monrovia-Liberia,1021762.0,63.71,74.52,38.89,97.66,28.12,25.78,18.85,30.0,40.85,-29109.965300921584
371,371,Libya,Benghazi-Libya,631555.0,95.91,21.51,37.08,65.52,5.29,42.06,43.62,23.67,122.48,-10300.155920106918
372,372,Libya,Tripoli,30448.0,96.54,22.58,41.82,59.23,15.45,35.89,35.96,28.36,109.86,-717.1744909554942
373,373,Lithuania,Kaunas,393397.0,68.94,46.76,74.5,25.82,10.52,75.86,62.19,24.48,169.57,2419.7849990284085
374,374,Lithuania,Klaipeda,158420.0,74.05,47.23,76.77,28.18,9.74,74.96,61.08,12.0,176.67,1170.5805700776343
375,375,Lithuania,Siauliai,104300.0,67.87,,65.74,34.11,5.51,,63.9,15.7,,476.41378987028315
376,376,Lithuania,Vilnius,716856.0,66.59,48.8,75.99,25.01,13.52,77.2,72.77,26.16,171.71,9859.50552124099
377,377,Luxembourg,Luxembourg,132780.0,82.62,61.54,78.17,19.64,9.01,177.46,70.98,26.56,223.74,3543.824217495204
378,378,Madagascar,Antananarivo,2300000.0,99.27,26.98,37.06,93.04,21.92,13.3,39.38,31.75,70.41,-64120.3992116123
379,379,Malawi,Lilongwe,989318.0,98.58,,34.72,81.38,101.22,,52.5,20.34,,-6385.484077267186
380,380,Malaysia,Klang,878000.0,56.55,27.23,62.69,80.06,9.47,63.45,44.8,26.67,112.8,-15627.41783403804
381,381,Malaysia,Kuala-Lumpur,8911000.0,56.55,34.49,68.36,65.38,7.39,95.32,38.81,41.58,128.51,
382,382,Malaysia,Kuantan,607778.0,58.15,,54.17,47.9,3.18,,69.87,0.0,,4835.602829722339
383,383,Malaysia,Petaling-Jaya,638516.0,56.55,,68.02,66.07,8.25,,52.07,39.73,,-2821.8928058082547
384,384,Maldives,Male,133019.0,58.08,49.82,40.2,79.2,10.59,52.82,36.94,21.75,95.79,-3125.302277816478
385,385,Malta,Birkirkara,24356.0,98.2,59.64,79.63,83.33,9.41,68.35,55.67,14.0,141.84,-11.453346476273696
386,386,Malta,Mosta,20241.0,97.35,,65.97,70.4,6.38,,79.49,31.6,,325.55699659262217
387,387,Malta,Sliema,16854.0,97.44,57.57,56.04,84.09,14.09,67.65,66.98,25.54,126.77,72.47951727590527
388,388,Malta,Valletta,480134.0,97.44,60.06,53.24,74.23,21.76,53.37,63.13,30.75,114.06,-424.62323869715595
389,389,Mauritius,Port-Louis,149194.0,88.41,38.38,57.53,60.7,11.15,36.06,48.06,68.0,101.48,-2272.5063041363924
390,390,Mexico,Ecatepec-Mexico,1929926.0,,,34.03,88.55,5.38,,20.09,130.0,,-51594.622619920556
391,391,Mexico,Guadalajara,5525000.0,92.83,41.43,80.04,58.87,14.4,46.83,37.54,41.81,121.76,
392,392,Mexico,Mexico-City,21804000.0,92.37,43.5,65.73,81.27,16.49,39.07,32.36,52.9,87.41,
393,393,Mexico,Monterrey,14828.0,80.37,48.25,69.0,71.23,8.38,58.03,51.76,31.82,126.88,-110.2465068343457
394,394,Mexico,Puebla,1576259.0,91.67,39.65,69.31,63.19,3.36,55.53,41.77,27.2,138.32,-20011.583842042455
395,395,Mexico,Tijuana,2002000.0,94.58,41.85,74.71,74.16,13.15,53.76,27.95,38.86,110.68,-50747.06772275996
396,396,Mexico,Zapopan-Mexico,1476491.0,93.01,,91.67,39.53,21.54,,42.84,31.25,,-12988.66401766391
397,397,Micronesia,Palikir-Micronesia,6227.0,59.92,52.61,44.44,71.98,11.33,15.62,63.24,18.25,101.91,-40.89915474868231
398,398,Moldova,Chisinau,702300.0,76.91,36.34,51.44,63.46,10.38,45.66,57.62,28.46,122.74,-4218.611944147548
399,399,Monaco,Monaco,36371.0,94.9,108.82,75.0,70.65,61.31,60.21,75.54,22.5,92.94,285.73018198135526
400,400,Mongolia,Ulaanbaatar,1396288.0,-3.54,34.79,45.79,94.42,15.4,27.93,46.88,31.42,54.22,-38201.51219936871
401,401,Montenegro,Budva,17479.0,89.65,43.41,44.84,22.57,17.36,44.07,72.78,20.0,155.09,165.0543595344323
402,402,Montenegro,Niksic-Montenegro,32846.0,,34.32,16.2,86.21,7.22,61.88,51.05,7.0,,-256.53934261849815
403,403,Montenegro,Podgorica,173024.0,88.4,38.47,43.45,50.93,11.17,57.46,55.49,14.82,141.19,-676.409120762393
404,404,Morocco,Agadir,421844.0,96.21,29.46,46.77,37.2,19.37,35.58,65.21,29.0,136.0,154.67571075802886
405,405,Morocco,Casablanca,21874.0,98.08,33.16,45.04,81.88,15.86,37.78,44.59,44.5,92.11,-419.36210083349465
406,406,Morocco,Fes-Morocco,1112072.0,86.51,,62.07,64.94,6.71,,36.36,52.0,,-15628.774037671152
407,407,Morocco,Kenitra-Morocco,431282.0,96.96,,49.44,83.76,,,58.62,40.33,,9.48817220641322
408,408,Morocco,Marrakech,966987.0,83.43,32.06,45.48,83.45,10.63,40.58,57.31,15.0,113.92,-7634.797088008889
409,409,Morocco,Meknes-Morocco,520428.0,89.0,,72.27,57.18,8.81,,40.18,6.0,,-5652.442678723342
410,410,Morocco,Rabat,11497.0,74.11,32.88,47.63,32.86,15.93,39.43,63.48,34.15,133.07,-16.350434515243112
411,411,Morocco,Tangier,947952.0,98.39,30.12,35.61,58.95,16.39,31.76,49.72,42.0,104.9,-13949.344306185822
412,412,Mozambique,Maputo,1133200.0,94.8,42.87,46.99,69.02,57.32,14.9,38.95,30.0,53.21,-34121.00761110739
413,413,Myanmar,Yangon,54000000.0,57.78,44.29,48.6,90.86,16.69,13.01,50.85,51.0,62.14,
414,414,Namibia,Walvis-Bay-Namibia,2567000.0,98.01,,25.0,74.86,3.44,,40.58,26.0,,-29287.692515761824
415,415,Namibia,Windhoek,431000.0,84.97,,67.43,35.04,4.71,,32.58,24.42,,-6937.606307456817
416,416,Nepal,Kathmandu,845767.0,92.64,26.52,55.29,95.71,35.71,25.41,63.34,35.29,75.02,-8917.656459317705
417,417,Nepal,Pokhara,353841.0,89.71,26.95,70.37,47.69,7.62,25.87,71.74,10.0,157.16,2679.062442064381
418,418,Netherlands,Almere,214715.0,86.36,62.37,66.79,19.54,6.13,119.07,69.21,32.92,195.88,3957.38419582582
419,419,Netherlands,Amsterdam,1459402.0,87.45,69.9,77.91,24.63,11.14,111.1,70.89,24.51,193.4,31159.454968491315
420,420,Netherlands,Arnhem,164096.0,84.53,65.07,80.07,11.3,4.52,158.14,67.97,30.75,223.51,3995.8763032003953
421,421,Netherlands,Breda,184126.0,85.66,63.85,85.19,20.13,5.47,145.77,84.07,31.6,221.9,6340.8850573610825
422,422,Netherlands,Delft,109435.0,87.81,63.0,77.78,26.43,9.87,107.66,77.04,25.4,195.48,2583.9539255766913
423,423,Netherlands,Eindhoven,243730.0,85.38,62.34,78.57,19.23,5.99,137.19,77.93,24.54,216.41,7136.538270212251
424,424,Netherlands,Groningen,233273.0,83.55,59.71,76.95,18.68,4.85,126.86,78.64,20.28,215.28,6551.1389370073275
425,425,Netherlands,Haarlem,162543.0,88.21,69.95,77.67,25.39,11.53,86.89,75.08,30.83,181.9,3504.1774673354594
426,426,Netherlands,Maastricht,277721.0,86.62,66.44,69.87,29.41,6.02,122.4,78.55,22.5,201.54,7469.228125033553
427,427,Netherlands,Nijmegen,177659.0,85.32,,92.95,21.32,8.39,,74.7,17.92,,2393.0625982798506
428,428,Netherlands,Rotterdam,664311.0,87.89,61.08,81.05,24.46,5.38,139.38,71.61,23.05,213.96,16550.305473553875
429,429,Netherlands,The-Hague,548320.0,90.61,59.94,80.75,17.54,5.92,137.62,79.76,21.05,223.29,16995.277332384645
430,430,Netherlands,Tilburg,1944588.0,85.53,59.1,74.37,19.12,5.3,121.9,70.02,19.11,208.51,40835.42460313083
431,431,Netherlands,Utrecht,359370.0,87.16,63.65,80.57,25.1,6.7,128.4,73.75,25.12,207.15,8996.548086286564
432,432,New-Zealand,Auckland,1346091.0,99.89,69.29,70.17,31.11,10.07,127.35,50.09,37.43,180.89,7075.685601940578
433,433,New-Zealand,Christchurch,383200.0,88.79,63.21,75.49,24.36,4.35,129.6,55.3,22.75,201.0,4263.364756294272
434,434,New-Zealand,Dunedin,99885.0,,,72.24,18.2,3.96,,74.3,21.5,,1247.0562507895315
435,435,New-Zealand,Lower-Hutt-New-Zealand,104700.0,97.65,,77.78,7.18,8.91,,57.45,24.25,,190.3248624735418
436,436,New-Zealand,Palmerston-North,76236.0,99.7,59.87,62.5,13.59,4.92,131.73,49.62,15.0,208.27,619.3715738279204
437,437,New-Zealand,Tauranga,151300.0,98.04,,66.6,21.79,5.89,,51.44,27.88,,-386.81886131840054
438,438,New-Zealand,Wellington,26686.0,97.68,71.54,64.34,23.6,13.15,87.79,66.96,39.33,171.19,338.4240872883857
439,439,Nicaragua,Managua,1051236.0,68.8,,64.09,63.13,10.29,,46.6,53.83,,-8213.945200052474
440,440,Niger,Niamey-Niger,1026848.0,35.51,38.45,30.56,46.55,,20.65,27.47,20.0,0.0,-47323.12219118172
441,441,Nigeria,Abuja,3770000.0,79.42,,60.96,57.7,,,41.64,50.25,,-41527.2853212298
442,442,Nigeria,Ibadan-Nigeria,3552000.0,71.84,22.92,57.64,85.34,18.94,10.24,41.65,63.0,62.3,
443,443,Nigeria,Lagos,9730.0,60.75,35.6,47.49,89.0,17.79,12.87,31.61,68.77,45.14,-362.17111559865793
444,444,North-Macedonia,Bitola,69287.0,80.97,33.68,56.36,62.15,10.41,39.83,71.13,17.38,137.12,339.111555105006
445,445,North-Macedonia,Kumanovo,70842.0,78.37,,31.71,98.35,11.66,,47.94,35.0,,-537.4907458751518
446,446,North-Macedonia,Prilep,63308.0,80.19,32.21,50.93,39.66,9.18,40.34,68.55,18.5,149.42,297.0694102637949
447,447,North-Macedonia,Skopje,526502.0,76.3,34.89,54.59,83.18,13.81,52.15,53.33,27.27,108.41,-5650.147824853194
448,448,North-Macedonia,Stip,42000.0,,,59.03,61.03,9.78,,64.41,13.0,,203.23536268422436
449,449,North-Macedonia,Tetovo,63176.0,78.37,,61.11,95.56,5.32,,48.22,34.0,,-407.3393237124021
450,450,Norway,Asker,61523.0,59.99,,41.67,0.0,11.49,,89.45,11.67,,1303.038267424611
451,451,Norway,Bergen,13689.0,78.83,82.97,75.52,20.15,8.17,92.99,74.95,23.39,189.56,294.68635189876943
452,452,Norway,Drammen,109416.0,62.04,,62.25,18.93,7.51,,76.54,18.75,,1361.1233652580268
453,453,Norway,Fredrikstad-Norway,63610.0,68.61,,95.83,27.59,9.74,,58.76,25.0,,108.09497985661869
454,454,Norway,Kristiansand,125000.0,72.77,,75.56,10.31,5.35,,55.35,41.25,,-87.54141651188596
455,455,Norway,Oslo,1064235.0,59.99,80.26,77.98,21.87,10.47,111.6,66.13,28.1,181.77,15616.57558750072
456,456,Norway,Sandnes-Norway,237369.0,,,55.79,36.21,5.37,,50.94,12.0,,3191.168802806907
457,457,Norway,Stavanger,237369.0,79.99,81.79,74.76,11.7,5.59,122.09,76.13,24.42,209.69,6304.416188292319
458,458,Norway,Trondheim,212660.0,66.68,88.48,74.44,20.68,9.59,103.32,79.4,29.67,185.97,5200.062560030446
459,459,Oman,Muscat,1421409.0,67.22,43.33,62.5,36.18,4.46,97.78,80.29,19.91,183.79,30540.606830375822
460,460,Oman,Salalah-Oman,331949.0,81.92,,44.44,46.55,,,81.68,21.67,,-1497.7780633545408
461,461,Pakistan,Faisalabad,3203846.0,73.55,,57.99,81.75,15.9,,59.18,38.8,,1812.256932714731
462,462,Pakistan,Gujranwala,2027001.0,73.61,,32.41,86.77,,,63.56,10.0,,5996.057307335412
463,463,Pakistan,Islamabad,108505.0,76.91,20.16,64.91,41.28,14.87,31.01,68.76,36.51,135.72,177.57019600237254
464,464,Pakistan,Karachi,15738000.0,71.32,18.96,56.53,89.42,13.19,27.89,43.51,42.54,83.32,
465,465,Pakistan,Lahore,12306000.0,67.56,19.28,61.58,78.74,14.32,29.8,63.54,34.72,104.74,-81909.03646656874
466,466,Pakistan,Multan,1871843.0,54.02,17.68,60.13,79.95,3.96,27.06,61.82,16.5,116.51,-13233.297071234803
467,467,Pakistan,Peshawar,1970042.0,76.2,18.77,65.38,71.6,4.46,29.81,54.47,23.5,124.89,-18823.698715498915
468,468,Pakistan,Rawalpindi,2098231.0,76.14,,52.02,74.33,16.58,,48.88,45.13,,-13619.250673898885
469,469,Palestine,Ramallah,38998.0,95.46,51.31,76.11,41.63,6.17,47.04,68.16,29.0,161.61,335.41379794363144
470,470,Panama,David,82907.0,66.56,42.43,80.19,35.59,7.78,62.05,71.17,66.5,145.66,666.1135293243943
471,471,Panama,Panama-City,1500189.0,67.84,48.18,58.78,61.35,11.48,42.62,52.82,32.77,116.0,-14754.807635309598
472,472,Papua-New-Guinea,Lae-Papua-New-Guinea,200000.0,,,13.89,58.62,,,21.93,8.0,,-5129.174475036887
473,473,Papua-New-Guinea,Port-Moresby,700000.0,71.75,56.31,23.95,81.05,532.58,13.57,19.13,31.5,0.0,-42770.26401850206
474,474,Paraguay,Asuncion,477346.0,92.24,26.8,63.74,68.62,9.9,38.8,48.59,43.59,115.94,-6280.593527955155
475,475,Peru,Arequipa-Peru,1008290.0,83.9,27.05,68.52,82.36,11.6,34.45,55.89,33.0,111.39,-9546.447009500243
476,476,Peru,Cusco-Peru,428450.0,82.03,,36.11,32.76,,,59.14,25.0,,298.7368723477928
477,477,Peru,Lima,10367.0,97.69,34.07,58.09,85.3,15.87,32.61,29.09,50.13,82.18,-322.40955976731846
478,478,Peru,Piura-Peru,473025.0,,,5.56,89.66,71.76,,32.35,50.0,,-9935.552802779337
479,479,Peru,Trujillo-Peru,18142.0,98.23,,41.67,60.06,15.75,,33.47,22.0,,-293.89836252011503
480,480,Philippines,Davao,1776949.0,58.57,31.93,73.2,55.61,23.07,37.71,72.42,27.21,123.15,4832.407476461127
481,481,Philippines,Manila,24922000.0,61.23,36.25,62.51,89.81,32.22,34.5,35.42,51.75,55.33,
482,482,Philippines,Quezon-City,2960048.0,60.71,36.5,77.18,83.92,13.56,40.13,36.35,60.1,82.13,-78605.90056484776
483,483,Poland,Bialystok,294242.0,76.22,39.15,57.48,42.29,12.02,67.59,77.74,25.33,157.51,4153.518994445423
484,484,Poland,Bydgoszcz,337666.0,77.29,42.78,63.67,56.31,11.49,65.02,67.42,32.75,141.27,1663.5806482859098
485,485,Poland,Czestochowa-Poland,213107.0,70.73,,54.89,47.7,8.12,,87.38,35.0,,4288.572094163723
486,486,Poland,Gdansk,486022.0,75.51,41.72,51.02,52.55,12.37,92.58,67.26,30.08,149.63,3597.818665148323
487,487,Poland,Gdynia,245222.0,75.51,43.29,56.45,30.58,12.25,96.25,77.7,29.05,173.61,4297.8797528690475
488,488,Poland,Katowice,285711.0,72.49,43.11,52.94,61.27,8.39,84.64,65.04,32.29,142.03,1156.8477792845836
489,489,Poland,Krakow-Poland,804237.0,73.86,44.19,57.84,70.67,12.58,87.64,74.16,31.63,139.96,8422.397552486225
490,490,Poland,Lodz,670642.0,77.02,41.41,56.57,58.32,8.27,76.42,60.12,35.38,139.95,260.23656895358886
491,491,Poland,Lublin,334681.0,77.51,38.76,63.07,44.8,12.44,72.57,67.94,24.38,155.69,2479.0969976790298
492,492,Poland,Poznan,546859.0,77.41,41.78,56.95,59.24,9.34,88.28,71.73,32.47,150.51,5736.788114258579
493,493,Poland,Szczecin,396168.0,77.94,40.08,61.18,34.09,8.17,86.97,68.39,31.24,168.91,4315.033209200705
494,494,Poland,Warsaw,1860281.0,74.61,44.35,58.35,60.13,12.17,93.54,74.49,34.77,148.79,22780.62712298918
495,495,Poland,Wroclaw,672929.0,78.39,42.79,57.43,61.9,11.3,86.09,73.08,34.05,146.2,7219.059624696745
496,496,Poland,Zielona-Gora-Poland,216781.0,77.4,,59.72,27.59,6.72,,81.05,35.0,,3560.929544333542
497,497,Portugal,Braga,181494.0,96.61,43.42,75.77,22.16,8.46,58.89,65.65,15.6,183.52,1874.1906640567554
498,498,Portugal,Cascais,214158.0,98.35,,82.05,38.51,15.61,,76.42,12.0,,3113.3542263435197
499,499,Portugal,Coimbra,143396.0,97.45,,82.38,30.12,10.16,,78.82,23.06,,2346.59449203517
500,500,Portugal,Lisbon,548703.0,98.59,50.08,73.44,35.12,19.65,54.29,70.22,34.61,153.69,5142.771962140984
501,501,Portugal,Porto,12052.0,96.61,46.15,79.37,25.04,11.04,61.23,67.63,24.55,177.63,141.1852838778906
502,502,Portugal,Vila-Nova-De-Gaia-Portugal,302295.0,96.79,,49.07,30.62,10.78,,71.31,35.0,,3102.9646668809655
503,503,Puerto-Rico,Aguadilla-Puerto-Rico,54752.0,83.47,,63.89,26.55,,,54.39,30.0,,-91.04389852023128
504,504,Puerto-Rico,Bayamon,168698.0,71.25,,29.17,62.36,,,25.57,10.0,,-3887.9564301963787
505,505,Puerto-Rico,Ponce,114901.0,79.56,,36.81,74.14,4.59,,31.61,24.75,,-2081.5768786905955
506,506,Puerto-Rico,San-Juan,471389.0,71.25,73.68,62.98,48.88,6.96,67.44,31.93,36.25,126.84,-6569.058259939567
507,507,Qatar,Doha,1186023.0,36.03,52.85,73.39,59.88,5.62,136.14,84.56,29.23,172.65,29221.418542738524
508,508,Romania,Arad,24436.0,81.36,,54.86,40.09,10.66,,70.7,23.2,,227.40117401756333
509,509,Romania,Braila,154686.0,80.42,35.49,27.78,70.4,8.13,54.88,34.63,13.5,111.82,-3561.606682427627
510,510,Romania,Brasov,237589.0,,39.45,52.73,33.93,11.65,58.49,74.88,18.36,,2297.4283194112354
511,511,Romania,Bucharest,2412530.0,75.61,41.55,54.81,75.17,9.54,73.47,71.97,40.91,128.24,15528.85260759276
512,512,Romania,Constanta,263707.0,82.83,42.6,35.51,70.64,12.18,42.8,52.08,21.38,110.76,-2936.0376275062436
513,513,Romania,Craiova,234140.0,78.24,37.47,46.86,53.01,11.25,55.47,55.42,21.57,133.6,-1224.4815531329205
514,514,Romania,Galati,217851.0,76.43,35.69,24.65,56.44,9.83,49.37,51.2,19.67,119.82,-2333.8835505240477
515,515,Romania,Iasi,271692.0,73.04,37.46,56.33,58.94,10.28,61.54,67.92,33.67,135.3,1002.6109580194313
516,516,Romania,Oradea,183105.0,81.74,37.71,52.9,36.7,12.12,50.34,78.44,21.5,156.66,2417.1796719402073
517,517,Romania,Ploiesti,180539.0,78.3,37.88,35.49,86.81,11.3,64.53,57.27,29.5,107.03,-1394.4549813040855
518,518,Romania,Sibiu,134308.0,69.39,36.21,62.78,26.03,9.23,66.54,71.57,26.07,167.41,1452.62146973268
519,519,Romania,Timisoara,250849.0,82.05,38.6,71.22,56.18,9.62,70.35,74.33,24.32,158.05,3085.4050228247656
520,520,Russia,Chelyabinsk,1196680.0,23.62,26.6,57.28,85.66,11.04,51.15,54.08,28.11,93.43,-17619.953471266057
521,521,Russia,Irkutsk-Russia,623736.0,4.64,33.88,57.65,51.92,14.39,46.29,50.09,29.5,101.03,-10743.848216731318
522,522,Russia,Kaliningrad,498260.0,73.69,30.79,58.44,47.02,15.9,43.0,67.72,30.08,133.63,762.4628965144999
523,523,Russia,Kazan,1259173.0,39.56,31.39,66.44,58.46,17.68,51.14,69.02,36.65,116.61,-840.6589618886516
524,524,Russia,Krasnodar,948827.0,78.72,31.75,48.46,56.52,15.93,48.74,66.39,52.11,115.48,-1458.554988878672
525,525,Russia,Krasnoyarsk,1083865.0,9.5,30.94,49.34,83.62,16.71,44.25,55.76,43.41,71.22,-19385.811611851597
526,526,Russia,Moscow,17332000.0,55.83,40.52,67.13,55.21,18.82,74.63,64.19,50.38,122.55,-11271.78807641593
527,527,Russia,Nizhniy-Novgorod,1244254.0,45.51,31.45,74.54,32.62,16.11,51.06,72.24,27.14,146.97,7754.3361160913555
528,528,Russia,Novosibirsk,1625631.0,16.14,31.35,56.92,68.69,14.45,49.21,53.1,40.89,90.56,-26453.828795132406
529,529,Russia,Omsk,1172070.0,16.4,,45.39,80.86,16.34,,62.62,47.18,,22.47145189266165
530,530,Russia,Perm,1048005.0,28.1,29.24,45.81,64.29,13.96,52.16,52.78,41.43,94.49,-16733.364693200325
531,531,Russia,Saint-Petersburg,5384342.0,60.64,35.72,61.3,61.31,16.42,60.39,61.47,48.5,114.51,29945.49221964618
532,532,Russia,Samara,1169719.0,41.31,30.89,46.87,55.37,15.59,45.06,66.03,42.2,106.87,26340.216965288393
533,533,Russia,Ufa,1115560.0,28.12,30.86,60.97,61.3,15.34,50.65,50.95,36.85,101.79,-17714.720603079844
534,534,Russia,Vladivostok,597240.0,23.94,35.62,53.4,66.11,17.2,44.93,58.36,39.36,91.98,-7397.643256638739
535,535,Russia,Volgograd-Russia,1004763.0,56.06,,41.11,79.38,17.06,,48.3,30.94,,-8089.261439543987
536,536,Russia,Voronezh,1051995.0,57.69,,53.62,66.34,9.82,,61.19,32.65,,1488.784574800321
537,537,Russia,Yaroslavl-Russia,601403.0,55.5,28.4,53.24,78.98,14.97,47.08,62.13,34.43,102.02,-4461.165514627401
538,538,Russia,Yekaterinburg,1468833.0,21.33,32.28,53.88,68.84,13.44,52.83,54.95,37.57,95.92,-20177.46905752755
539,539,Rwanda,Kigali,1518632.0,99.74,26.9,71.07,39.22,322.78,25.0,74.86,15.67,0.0,-32878.02988208394
540,540,Saint-Lucia,Castries-Saint-Lucia,179857.0,70.66,,54.17,46.22,0.33,,43.18,7.0,,-1747.7660692801098
541,541,Saudi-Arabia,Ad-Dammam,903312.0,27.34,45.22,60.18,56.05,2.53,141.93,70.3,27.95,166.71,11393.274306920617
542,542,Saudi-Arabia,Jeddah-Saudi-Arabia,3976000.0,66.17,46.36,60.44,66.71,3.77,124.21,73.72,30.46,164.67,62697.8546192446
543,543,Saudi-Arabia,Mecca,2427924.0,14.08,,61.11,65.51,3.94,,82.18,20.0,,34792.486421010784
544,544,Saudi-Arabia,Medina,20156.0,26.18,,44.51,74.45,4.59,,83.13,24.5,,303.9643783010351
545,545,Saudi-Arabia,Riyadh,7237000.0,44.45,50.44,64.71,63.29,2.8,135.68,74.52,32.46,165.97,
546,546,Saudi-Arabia,Tabuk-Saudi-Arabia,657000.0,57.14,,58.33,47.41,,,72.94,20.0,,6310.758177203213
547,547,Senegal,Dakar,1438725.0,85.64,43.86,48.38,97.07,25.83,19.83,55.71,25.0,76.26,-22369.004915234313
548,548,Serbia,Belgrade,1197714.0,84.14,42.64,53.4,68.04,18.78,50.17,61.86,36.42,113.8,-4344.127104164361
549,549,Serbia,Kragujevac,150623.0,,36.1,57.64,59.31,13.16,52.55,65.91,22.83,,446.2534202573141
550,550,Serbia,Nis,183164.0,81.53,34.62,47.96,65.38,15.02,50.63,71.3,17.12,131.63,826.0748957930027
551,551,Serbia,Novi-Sad,380000.0,84.02,39.91,49.87,53.18,17.0,49.48,60.82,18.21,132.61,-695.9389613242646
552,552,Serbia,Sabac-Serbia,105432.0,84.14,,48.15,77.3,,,50.92,10.0,,-3288.643780391315
553,553,Serbia,Valjevo-Serbia,90312.0,83.53,,38.89,91.95,,,80.15,8.0,,1340.8661054999495
554,554,Seychelles,Victoria-Seychelles,30623.0,67.83,66.37,63.19,37.36,4.43,33.01,47.5,29.33,134.2,-302.2359588048697
555,555,Singapore,Singapore,5983000.0,57.45,78.03,71.92,32.52,18.62,109.21,76.94,40.73,161.6,
556,556,Slovakia,Banska-Bystrica,76018.0,,,71.3,43.97,22.75,,77.52,16.0,,1049.5836309410174
557,557,Slovakia,Bratislava,475503.0,80.72,50.38,55.64,37.05,16.18,72.81,69.59,30.63,151.85,4154.908385409785
558,558,Slovakia,Kosice,229040.0,75.54,47.61,61.3,49.92,13.08,67.71,68.84,20.11,150.03,1762.1533313083949
559,559,Slovakia,Nitra,77610.0,,,59.58,27.87,9.3,,68.73,80.0,,601.5798007487923
560,560,Slovakia,Presov,84824.0,75.15,43.28,57.64,32.76,16.28,65.06,71.95,23.0,156.16,832.5833609170435
561,561,Slovakia,Trnava-Slovakia,63803.0,78.46,,63.89,26.51,9.23,,73.36,34.25,,721.9448509186378
562,562,Slovakia,Zilina,108000.0,75.38,45.7,57.32,46.11,10.43,77.78,68.65,13.83,160.84,1002.0470233855697
563,563,Slovenia,Celje,37872.0,76.84,,70.56,40.0,9.78,,67.37,35.0,,269.1090528860877
564,564,Slovenia,Koper,25753.0,90.7,,72.62,7.43,15.18,,85.31,33.5,,520.002716572965
565,565,Slovenia,Kranj,37553.0,76.77,,65.18,15.57,,,72.25,22.67,,391.9807780789406
566,566,Slovenia,Ljubljana,284293.0,76.11,52.04,66.96,22.54,13.56,78.62,78.85,26.04,176.22,5398.680379605063
567,567,Slovenia,Maribor,97019.0,79.02,50.52,56.57,25.18,7.04,90.15,76.0,17.54,185.37,1836.1400473163126
568,568,Slovenia,Velenje-Slovenia,25594.0,78.04,,61.11,43.1,,,66.91,12.5,,164.45935394176578
569,569,Solomon-Islands,Gizo-Solomon-Islands,71177.0,59.63,60.11,44.44,103.45,,17.24,27.94,36.67,,-5368.529875948215
570,570,Solomon-Islands,Honiara-Solomon-Islands,84520.0,56.9,,45.83,78.2,689.65,,33.85,36.67,,-3455.238012281523
571,571,Somalia,Mogadishu-Somalia,2610483.0,67.29,,40.36,66.53,407.56,,27.39,29.0,,-91745.47366644873
572,572,South-Africa,Cape-Town,4770313.0,98.19,35.76,68.82,38.73,5.3,105.61,26.17,42.55,159.62,-85005.09195043301
573,573,South-Africa,Durban,838634.0,95.61,33.47,58.57,53.07,4.76,88.11,19.44,25.5,144.03,-21971.527642177014
574,574,South-Africa,East-London,478676.0,98.61,,64.81,56.85,,,24.13,24.25,,-10524.180519147016
575,575,South-Africa,Johannesburg,8500000.0,91.38,39.06,60.25,61.74,2.77,105.97,19.17,40.96,138.22,
576,576,South-Africa,Pietermaritzburg,839327.0,96.94,,40.25,83.39,3.78,,17.46,31.75,,-22692.575339272153
577,577,South-Africa,Pretoria,741651.0,95.83,35.93,66.25,55.97,2.02,116.07,18.06,45.01,148.47,-18024.62567067826
578,578,South-Africa,Rustenburg-South-Africa,592000.0,90.03,,61.11,87.75,,,22.77,44.17,,-14011.617313546263
579,579,South-Korea,Busan,3453198.0,79.22,58.4,91.67,53.5,15.6,117.74,77.48,45.33,169.13,69763.09853121333
580,580,South-Korea,Daegu,2376044.0,73.18,,75.0,64.98,17.04,,74.13,24.33,,27011.665391226004
581,581,South-Korea,Daejeon,1475221.0,58.45,54.4,90.28,55.15,11.16,115.0,86.96,36.83,173.29,38376.509371915745
582,582,South-Korea,Incheon,2936117.0,72.43,54.53,96.3,62.61,17.26,106.98,70.95,16.25,168.35,42684.03008271206
583,583,South-Korea,Seoul,23016000.0,68.39,66.25,82.99,57.94,25.53,107.71,75.77,43.08,144.64,
584,584,South-Sudan,Juba-South-Sudan,525953.0,,,23.61,61.49,,,19.67,0.0,,-14153.476630551695
585,585,Spain,Alicante,349282.0,95.25,45.51,83.95,37.99,7.74,81.44,69.66,23.0,183.61,5117.457529482718
586,586,Spain,Barcelona,20987.0,95.73,52.9,76.92,63.63,11.9,89.29,48.61,30.46,147.87,-77.60644744306542
587,587,Spain,Bilbao,775000.0,95.65,51.33,85.82,28.49,9.14,97.32,47.89,31.0,180.31,936.9580002274644
588,588,Spain,Las-Palmas,635000.0,99.17,44.85,74.37,39.29,6.81,77.32,72.27,13.67,185.55,10592.573556696061
589,589,Spain,Leon,176171.0,37.94,,73.15,57.45,3.65,,29.52,35.75,,-3561.306315021292
590,590,Spain,Madrid,112254.0,85.47,54.01,79.25,37.03,10.47,90.95,72.78,26.83,178.99,1904.7100826687165
591,591,Spain,Malaga,19884.0,96.98,46.44,70.76,31.59,7.27,92.26,71.04,24.47,187.85,340.4221026524835
592,592,Spain,Murcia,88868.0,89.6,,80.22,44.03,12.79,,56.62,39.43,,38.656805174070236
593,593,Spain,Sevilla,41153.0,96.03,49.19,72.95,40.54,8.54,81.48,68.31,32.57,171.16,499.08278630296627
594,594,Spain,Valencia,46897.0,93.84,47.9,80.02,25.49,7.45,81.28,69.37,23.98,189.26,740.3562725773511
595,595,Spain,Valladolid,48973.0,80.38,51.46,76.85,30.21,8.39,91.19,82.8,31.43,186.02,1186.1861479545148
596,596,Spain,Vigo,293652.0,96.17,47.72,72.96,18.79,7.2,84.48,80.47,20.8,200.38,7226.686333242266
597,597,Sri-Lanka,Colombo,232056.0,59.11,36.52,71.21,60.39,43.32,17.76,57.97,59.83,67.13,-3718.3991066977815
598,598,Sri-Lanka,Kandy-Sri-Lanka,120087.0,69.18,31.53,82.14,64.85,7.91,27.21,58.62,46.29,118.66,-764.4993496412337
599,599,Sri-Lanka,Maharagama-Sri-Lanka,196423.0,58.21,,86.11,15.52,,,69.61,20.0,,1634.5610794343154
600,600,Sri-Lanka,Negombo-Sri-Lanka,142136.0,68.71,,55.56,77.8,,,36.4,15.0,,-2164.0619861344476
601,601,Sudan,Khartoum,7869000.0,32.95,,46.78,75.98,24.64,,60.95,38.33,,-4375.341141060309
602,602,Suriname,Paramaribo,223757.0,64.25,45.3,44.3,53.27,3.51,14.87,49.25,28.88,111.72,-3308.5337026262205
603,603,Sweden,Boras,114445.0,72.64,,72.92,48.28,6.0,,53.58,48.5,,-268.6046367910438
604,604,Sweden,Gothenburg,607882.0,77.49,62.13,67.26,19.42,8.28,123.68,53.65,25.35,188.92,4174.594331349925
605,605,Sweden,Helsingborg,113828.0,78.69,55.97,91.12,43.68,4.02,157.78,44.65,20.83,198.96,487.0872297408348
606,606,Sweden,Linkoping,115682.0,74.45,60.05,75.0,11.95,8.03,129.61,59.09,20.0,204.2,1508.37763835103
607,607,Sweden,Malmo,360249.0,82.3,63.55,68.23,14.32,5.92,118.09,43.5,25.93,188.93,77.91984536588357
608,608,Sweden,Norrkoping-Sweden,137326.0,70.33,,76.11,25.0,6.06,,49.16,15.0,,-689.9042282497558
609,609,Sweden,Orebro,126604.0,70.82,,90.0,12.41,5.91,,46.55,16.5,,-801.8101709920018
610,610,Sweden,Stockholm,2121000.0,69.67,66.7,66.59,18.46,11.36,118.43,53.77,34.1,176.72,10193.213274805317
611,611,Sweden,Uppsala,166698.0,66.43,62.5,73.19,12.29,8.06,98.29,57.2,17.08,188.29,1266.7429951860047
612,612,Sweden,Vasteras,128660.0,65.6,59.89,51.85,19.98,4.48,127.42,53.46,55.75,168.64,444.7926533829665
613,613,Switzerland,Basel,173552.0,82.82,108.29,74.79,24.2,7.67,176.67,74.17,24.73,218.28,5432.132652776431
614,614,Switzerland,Bern,134506.0,75.97,104.08,73.42,17.53,8.9,154.85,78.99,28.06,211.1,4291.948721263186
615,615,Switzerland,Geneva,203840.0,82.61,105.01,72.04,24.05,12.5,146.91,69.64,28.56,196.63,4643.573672533372
616,616,Switzerland,Lausanne,141418.0,73.3,108.57,73.54,20.7,10.44,135.14,72.82,24.68,196.88,3529.509959223139
617,617,Switzerland,Lucerne,81691.0,81.95,112.98,69.14,28.53,8.2,141.43,78.69,29.67,197.54,2436.936817955255
618,618,Switzerland,Lugano,63185.0,84.1,108.94,72.71,24.18,10.68,125.47,80.16,20.95,199.21,1916.526649408848
619,619,Switzerland,Winterthur,109775.0,82.27,107.47,60.56,29.42,10.89,158.46,77.17,34.4,195.16,3160.746291551609
620,620,Switzerland,Zurich,447082.0,81.48,103.58,71.36,22.81,12.53,180.62,77.55,37.49,209.89,14566.813103453544
621,621,Syria,Aleppo-Syria,2003671.0,90.08,26.7,32.87,73.85,36.46,8.16,26.09,37.0,52.63,-80999.84124554659
622,622,Syria,Damascus,2584771.0,70.11,27.42,37.3,70.0,153.52,5.11,30.55,41.67,0.0,
623,623,Taiwan,Kaohsiung,2733964.0,78.82,45.15,88.11,80.51,15.52,66.49,78.03,25.08,140.88,34796.06972268868
624,624,Taiwan,Keelung-Taiwan,367107.0,87.26,,77.78,63.72,4.31,,93.16,30.0,,9353.774984945994
625,625,Taiwan,Taichung,3033885.0,85.75,47.22,85.15,85.58,17.29,78.29,84.06,18.7,147.58,56964.64661891294
626,626,Taiwan,Tainan,1874686.0,,51.44,91.32,71.58,10.25,68.0,82.06,18.33,,31594.26012011663
627,627,Taiwan,Taipei,2603150.0,84.38,47.82,86.58,48.45,24.69,98.12,84.32,34.43,165.18,57991.587423502046
628,628,Tajikistan,Dushanbe,863400.0,75.22,27.64,61.11,53.49,22.04,15.3,57.27,27.0,110.3,-9004.703095843315
629,629,Tanzania,Dar-Es-Salaam,7962000.0,71.28,26.37,52.86,71.91,89.01,25.97,43.88,29.33,22.98,
630,630,Thailand,Bangkok,18007000.0,58.39,40.14,76.78,77.86,29.3,39.74,60.02,45.59,88.06,
631,631,Thailand,Chiang-Mai,1198000.0,75.93,31.71,84.77,77.79,17.17,41.73,77.98,24.92,130.24,10504.260358271338
632,632,Thailand,Hat-Yai-Thailand,404044.0,59.83,,83.33,25.0,,,72.79,10.0,,4206.801652536988
633,633,Thailand,Khon-Kaen,412758.0,69.73,,67.78,64.63,11.11,,59.58,10.0,,563.7293511811912
634,634,Thailand,Phuket,77610.0,68.52,37.93,75.71,50.63,27.02,31.8,57.7,40.92,109.67,-677.4889453040585
635,635,Timor-Leste,Dili,222323.0,,,44.78,62.96,6.71,,57.93,25.0,,21.367607440117396
636,636,Togo,Lome-Togo,33000.0,64.02,34.12,55.56,72.13,7.42,47.78,56.47,7.0,128.48,-214.2164872289738
637,637,Trinidad-And-Tobago,Arima,65623.0,66.68,,61.11,53.45,,,43.95,120.0,,-673.1094951863626
638,638,Trinidad-And-Tobago,Chaguanas,101297.0,66.25,,66.67,88.45,,,25.82,33.33,,-2276.2428966075354
639,639,Trinidad-And-Tobago,Couva-Trinidad-And-Tobago,48858.0,,,55.56,58.62,,,22.06,64.5,,-1207.5367123057208
640,640,Trinidad-And-Tobago,Port-Of-Spain,81142.0,67.55,57.14,48.56,72.55,18.17,40.28,23.64,52.15,71.55,-2895.123802300997
641,641,Trinidad-And-Tobago,Princes-Town-Trinidad-And-Tobago,28335.0,,,47.22,100.0,,,16.18,120.0,,-836.76490512783
642,642,Trinidad-And-Tobago,San-Fernando-Trinidad-And-Tobago,48838.0,67.02,50.18,56.8,66.71,3.94,57.76,27.19,30.0,113.33,-201.25587778359503
643,643,Tunisia,Kairouan-Tunisia,186653.0,81.62,,5.56,58.62,,,20.1,17.5,,-5033.711627145634
644,644,Tunisia,Sfax,265131.0,94.52,26.9,44.44,93.83,9.43,35.67,60.33,20.0,109.03,-1807.7904746119193
645,645,Tunisia,Sousse,221530.0,95.79,27.83,64.58,65.24,15.72,34.74,47.68,28.0,119.51,-3005.2702817543336
646,646,Tunisia,Tunis,602560.0,93.24,30.09,56.66,74.79,14.75,29.94,51.88,38.94,104.57,-7860.3625026069785
647,647,Turkey,Adana,1765981.0,88.99,32.41,79.97,38.66,6.93,72.6,44.1,27.89,162.85,-12684.483394563184
648,648,Turkey,Ankara,5503985.0,91.49,34.32,69.16,65.05,10.21,53.61,60.39,36.25,134.66,-6720.907072882938
649,649,Turkey,Antalya,258139.0,91.52,36.48,72.34,43.77,14.4,37.81,71.01,34.93,145.38,1717.6322546503716
650,650,Turkey,Bursa,2901396.0,93.39,30.9,77.8,47.11,8.98,60.78,70.36,33.83,161.35,27916.495461238235
651,651,Turkey,Istanbul,16079000.0,93.02,39.06,70.01,68.08,15.12,48.35,52.16,51.42,114.3,
652,652,Turkey,Izmir,4320519.0,96.88,35.16,73.12,60.25,10.6,51.32,67.59,39.86,141.65,20774.124550967852
653,653,Turkey,Kayseri-Turkey,1389680.0,65.66,,55.95,73.54,5.36,,65.81,22.71,,7237.6140679276305
654,654,Turkey,Konya,2232374.0,73.73,30.14,69.68,76.49,4.07,70.05,59.5,36.83,133.72,3316.025587283806
655,655,Turkey,Mersin,1814468.0,,31.11,71.76,37.64,8.43,53.05,65.37,28.67,,5261.112964270727
656,656,Turkey,Samsun,1368488.0,90.31,32.33,69.75,69.81,6.99,59.23,68.7,34.11,142.23,-6453.395534482404
657,657,Turkmenistan,Ashgabat,1030063.0,64.68,,47.62,40.36,30.0,,60.22,19.0,,-5311.939161945265
658,658,Uganda,Kampala,1680600.0,98.41,29.72,48.85,87.32,136.74,17.68,44.44,43.13,0.0,-61314.5280552453
659,659,Ukraine,Donetsk-Ukraine,47770.0,,,43.75,79.74,,,29.35,35.0,,-957.8282237840149
660,660,Ukraine,Kharkiv,1421125.0,65.35,25.82,49.21,56.94,13.39,38.17,52.47,38.18,109.95,-18579.532083337963
661,661,Ukraine,Kyiv-Ukraine,2952301.0,69.95,28.83,57.9,64.87,18.18,42.77,54.71,43.09,105.09,-33892.91038999788
662,662,Ukraine,Lviv,717273.0,69.61,26.0,60.97,48.75,14.78,44.91,61.84,32.06,130.56,-2137.430759987656
663,663,Ukraine,Odesa,1010537.0,79.0,27.32,51.0,62.63,13.89,39.62,45.92,36.56,108.89,-17107.13117324951
664,664,United-Arab-Emirates,Abu-Dhabi,1483000.0,43.89,54.51,72.0,45.48,5.65,156.87,88.19,29.82,193.94,45802.414707252705
665,665,United-Arab-Emirates,Al-Fujayrah-United-Arab-Emirates,292358.0,36.1,,85.12,19.25,2.04,,85.53,39.25,,5458.6837497117485
666,666,United-Arab-Emirates,Dubai,3331420.0,50.27,60.69,69.68,48.66,4.78,123.62,84.02,36.27,174.66,
667,667,United-Arab-Emirates,Sharjah,1247749.0,43.35,47.41,60.27,48.21,7.97,94.89,83.75,53.97,146.55,22318.60980485812
668,668,United-Kingdom,Aberdeen,200680.0,82.55,63.86,80.29,27.14,3.6,156.94,63.38,31.5,210.28,3824.9031739746492
669,669,United-Kingdom,Belfast,345006.0,90.84,61.92,72.26,26.41,4.43,108.84,53.88,38.03,182.41,2244.659941106148
670,670,United-Kingdom,Birmingham,2919600.0,87.66,60.54,72.14,49.39,7.3,116.11,36.46,33.27,159.83,-25165.41430970277
671,671,United-Kingdom,Brighton,11844.0,89.65,68.13,74.64,26.37,12.14,96.83,60.35,35.62,174.31,107.0315417445088
672,672,United-Kingdom,Bristol,707412.0,88.51,63.29,71.6,46.46,10.42,107.06,57.88,31.18,166.59,4671.8934795341065
673,673,United-Kingdom,Cambridge,138479.0,91.37,67.82,75.52,32.23,9.37,123.92,70.29,34.3,190.58,2708.606793264245
674,674,United-Kingdom,Coventry,362690.0,91.52,60.26,53.84,49.65,4.4,162.18,35.15,27.92,177.0,-1763.801099273505
675,675,United-Kingdom,Edinburgh,488050.0,84.01,70.76,77.49,28.05,8.11,106.49,68.76,30.96,186.61,8388.961669145992
676,676,United-Kingdom,Glasgow,626410.0,84.78,66.25,78.98,34.22,5.17,118.21,54.9,31.31,184.33,4860.73681259033
677,677,United-Kingdom,Ipswich,232930.0,86.41,,72.92,32.85,8.9,,60.15,20.1,,653.3578307444491
678,678,United-Kingdom,Kingston,10409.0,57.34,67.76,74.58,25.7,6.94,119.68,60.99,40.78,176.07,101.55531474331272
679,679,United-Kingdom,Leeds,789194.0,84.59,61.69,80.68,45.11,7.6,124.48,56.1,30.0,179.47,6203.378672524037
680,680,United-Kingdom,Leicester,18678.0,88.28,64.37,72.53,35.0,6.05,87.7,53.87,32.54,168.37,57.83674934084703
681,681,United-Kingdom,Liverpool,513441.0,90.87,64.43,82.65,30.19,5.1,108.51,51.59,32.2,184.78,2714.1001056937935
682,682,United-Kingdom,London,423369.0,88.25,80.44,69.95,58.0,14.55,109.98,45.36,45.06,140.27,-2023.8586337193071
683,683,United-Kingdom,Manchester,547627.0,86.95,66.37,74.41,53.3,7.41,100.27,44.73,39.03,152.12,-2656.301819724149
684,684,United-Kingdom,Newcastle,152984.0,96.66,68.92,84.4,28.98,,130.2,51.63,32.58,,247.22542255213614
685,685,United-Kingdom,Nottingham,729977.0,88.0,64.39,67.82,44.82,13.27,115.46,49.16,31.21,162.03,189.69933102855245
686,686,United-Kingdom,Oxford,152000.0,83.55,68.7,72.36,25.48,14.43,95.29,65.93,33.68,172.75,1859.9733593987066
687,687,United-Kingdom,Portsmouth,855679.0,88.63,62.76,75.6,50.3,,113.3,55.71,19.86,,1941.2993404850126
688,688,United-Kingdom,Sheffield,518090.0,87.91,61.24,81.17,31.16,6.56,109.67,56.6,25.2,187.88,4426.747692985134
689,689,United-Kingdom,Southampton,855569.0,88.53,60.9,78.07,48.6,,126.22,47.15,27.67,,-2075.117799424933
690,690,United-Kingdom,Stoke-On-Trent,372775.0,86.95,64.28,81.14,40.24,4.55,97.08,52.69,21.17,178.23,1256.902409136225
691,691,United-Kingdom,Worthing-United-Kingdom,111300.0,89.36,,68.06,30.17,11.76,,34.97,25.0,,-1611.1851786009236
692,692,United-States,Albuquerque,769986.0,67.06,64.24,62.76,33.85,2.85,143.59,28.35,27.0,173.73,-8819.861017059338
693,693,United-States,Anchorage,290674.0,41.61,85.81,61.47,15.69,2.89,130.19,37.01,26.11,174.06,-1657.220670018381
694,694,United-States,Ann-Arbor,308983.0,56.8,67.87,75.07,32.33,4.16,148.81,77.23,26.71,201.24,4197.761980740323
695,695,United-States,Atlanta,5180179.0,89.73,77.21,67.14,45.04,2.42,164.83,36.02,41.34,179.87,-14045.27500814355
696,696,United-States,Austin,1905945.0,82.08,67.91,68.79,41.98,2.93,162.34,59.01,35.77,193.73,25926.662597020295
697,697,United-States,Baltimore,2196524.0,81.24,74.95,74.38,52.01,2.34,122.03,24.88,31.47,157.84,-34376.43579240614
698,698,United-States,Boise,449776.0,65.11,63.72,78.05,32.54,4.58,151.23,64.72,25.51,200.38,8695.423820756467
699,699,United-States,Boston,14618.0,71.73,87.15,72.71,29.79,6.2,125.85,59.63,44.31,176.21,158.8524368727485
700,700,United-States,Brooklyn,2736074.0,79.66,86.2,64.65,50.59,9.13,109.81,55.44,44.56,150.31,10192.98208654852
701,701,United-States,Charlotte,1427444.0,84.05,76.21,69.21,35.26,3.86,126.16,52.88,36.64,179.3,9353.873706974404
702,702,United-States,Chicago,8497759.0,66.11,81.39,65.25,50.48,3.26,122.44,33.98,41.79,148.15,-95329.42291037554
703,703,United-States,Cincinnati,1692702.0,73.24,60.26,67.74,42.99,4.1,150.18,51.84,27.18,185.13,11346.972605579642
704,704,United-States,Cleveland,1680247.0,73.11,71.62,80.3,37.61,1.53,114.65,35.92,33.74,169.67,-12301.702652544258
705,705,United-States,Colorado-Springs,638194.0,51.44,70.72,61.1,30.19,2.78,136.72,58.06,26.02,182.32,5832.612064174232
706,706,United-States,Columbus,1572546.0,71.29,72.14,70.98,30.63,4.12,120.1,50.66,31.52,178.0,6183.485719297774
707,707,United-States,Dallas,5830932.0,81.85,71.65,66.15,41.91,2.73,160.4,48.12,35.18,186.54,33618.12442473527
708,708,United-States,Denver,2687458.0,56.28,77.52,69.73,44.26,4.48,126.76,52.93,35.99,164.09,9664.348242559397
709,709,United-States,Detroit,3725908.0,66.03,71.89,62.72,60.73,1.22,133.84,25.75,44.19,142.52,-65072.15019979536
710,710,United-States,Fort-Lauderdale,182673.0,84.25,72.83,68.09,29.31,3.99,142.83,50.39,32.18,190.74,1330.6866854539148
711,711,United-States,Fort-Worth,924663.0,81.56,70.8,64.62,53.43,2.35,153.5,57.22,25.19,185.41,10164.151129653601
712,712,United-States,Honolulu,348547.0,95.33,89.0,72.87,37.08,11.27,92.48,52.06,41.59,158.27,929.1817538127516
713,713,United-States,Houston,5970127.0,85.53,66.08,69.31,56.84,2.51,156.32,36.45,41.62,169.16,-28088.766245900417
714,714,United-States,Indianapolis,1729849.0,69.92,70.11,72.66,43.17,1.83,161.18,39.83,29.54,184.37,-1125.5516415412192
715,715,United-States,Irvine,33698.0,96.82,78.47,73.06,38.36,6.31,157.12,75.19,22.95,210.73,1048.287293579589
716,716,United-States,Jacksonville,1288298.0,87.81,68.6,72.57,38.68,4.59,127.74,43.62,34.76,176.6,148.73034802985427
717,717,United-States,Kansas-City,1689556.0,75.08,66.57,73.53,32.5,2.74,149.62,41.3,28.05,189.85,1123.9779932654012
718,718,United-States,Las-Vegas,2248047.0,57.4,69.57,54.12,52.07,3.44,134.44,44.44,27.42,157.96,-7761.125881562081
719,719,United-States,Los-Angeles,143023.0,95.5,82.12,61.25,67.68,7.21,121.07,46.95,57.32,139.03,-351.72380179708637
720,720,United-States,Louisville,963812.0,78.61,67.73,65.63,45.53,3.59,152.47,43.19,21.82,183.41,1196.0143039408974
721,721,United-States,Madison,451652.0,51.64,65.9,76.38,23.01,3.31,137.26,66.91,27.56,197.11,7902.689012903783
722,722,United-States,Memphis,1037998.0,84.42,64.68,45.0,46.45,1.84,139.62,23.05,23.69,162.39,-17086.142836098505
723,723,United-States,Miami,6080145.0,85.69,78.02,63.59,38.94,5.92,105.51,47.26,42.86,158.73,-5717.774122596463
724,724,United-States,Milwaukee,1290940.0,60.96,70.32,64.99,31.98,1.98,130.11,32.43,30.28,169.11,-12649.87809972512
725,725,United-States,Minneapolis,2892569.0,49.46,72.56,71.46,29.31,2.71,148.1,44.14,35.67,179.04,-276.5759336097355
726,726,United-States,Nashville,1177657.0,83.02,73.01,63.83,36.4,3.8,128.26,52.32,38.98,175.81,6511.046613645175
727,727,United-States,New-Orleans,932759.0,86.5,74.78,63.3,50.44,3.28,113.47,32.59,29.27,156.81,-10038.375589915084
728,728,United-States,New-York,18908608.0,79.66,100.0,62.69,58.28,12.77,100.0,49.22,43.56,132.84,-50328.22479743748
729,729,United-States,Oakland,437825.0,96.4,93.46,77.54,40.87,6.21,126.44,31.04,37.69,167.6,-3555.504617837196
730,730,United-States,Oklahoma-City,998806.0,77.61,72.48,69.19,27.19,4.01,116.09,51.26,29.41,181.53,4549.467624604073
731,731,United-States,Omaha,821345.0,59.79,73.93,77.36,29.88,2.22,128.06,54.86,18.75,190.62,7117.081539532737
732,732,United-States,Orlando,1882705.0,87.23,71.07,62.81,34.9,3.04,135.53,50.22,36.34,181.93,9690.096897171592
733,733,United-States,Philadelphia,5683533.0,77.98,76.76,70.19,48.24,4.06,116.47,34.19,40.41,153.66,-57061.67310462036
734,734,United-States,Phoenix,4064275.0,53.76,69.28,67.18,57.15,3.04,145.53,46.3,32.97,161.6,-4049.4137379391123
735,735,United-States,Pittsburgh,1749091.0,72.13,73.79,72.55,47.97,2.69,141.63,61.42,37.89,179.43,22113.997562819204
736,736,United-States,Portland,9712.0,89.56,79.31,71.8,31.72,3.58,137.04,43.17,32.65,186.0,19.642858024376107
737,737,United-States,Queens,10307.0,80.34,,60.19,50.29,5.61,,52.59,44.4,,-30.9240378546125
738,738,United-States,Raleigh,1163152.0,83.88,76.89,66.92,30.86,6.9,125.87,61.69,35.16,183.18,15037.005547511155
739,739,United-States,Reno,457702.0,62.28,70.19,61.4,29.94,4.26,136.57,54.77,24.02,184.09,3495.533967857548
740,740,United-States,Riverside,2332836.0,86.63,,58.61,54.33,5.0,,59.76,54.25,,4846.140961316651
741,741,United-States,Sacramento,26670.0,90.64,84.55,68.51,46.79,4.19,129.23,50.49,27.04,177.19,-127.76863089811546
742,742,United-States,Salt-Lake-City,403316.0,66.52,67.18,68.43,61.26,3.0,147.97,65.8,34.0,174.08,6542.755784244185
743,743,United-States,San-Antonio,86239.0,80.58,65.57,67.42,43.86,5.34,130.15,52.19,31.74,174.98,480.00748513192144
744,744,United-States,San-Diego,18531.0,97.08,80.28,67.87,39.77,6.23,139.94,59.56,35.25,186.87,87.85432705607852
745,745,United-States,San-Francisco,62001.0,97.26,91.15,64.16,50.03,7.31,157.81,38.4,49.84,165.71,-1639.531846764019
746,746,United-States,San-Jose,25433.0,95.53,85.4,64.57,50.57,7.34,161.2,52.04,38.75,179.2,-47.20658402815171
747,747,United-States,Santa-Ana,25938.0,96.79,,54.44,55.0,,,44.38,40.0,,-624.8272621956191
748,748,United-States,Santa-Cruz,1867673.0,95.44,,70.08,21.92,6.61,,57.84,33.44,,-15837.96892825671
749,749,United-States,Seattle,3561397.0,91.73,82.49,71.47,30.86,5.01,160.93,46.24,42.59,191.53,22280.251204258413
750,750,United-States,Spokane,456219.0,67.12,70.69,65.15,23.72,3.01,129.33,44.5,23.49,184.78,361.9529587709236
751,751,United-States,Tampa,2861173.0,84.67,78.91,67.76,32.46,2.91,140.16,54.9,36.2,188.3,29264.71889316719
752,752,United-States,Tucson,878320.0,72.66,69.1,61.27,27.91,3.38,125.85,45.53,27.35,179.26,390.3746646982632
753,753,United-States,Tulsa,731743.0,79.3,65.72,70.59,28.77,2.26,142.03,47.21,19.05,197.55,3909.117835558536
754,754,United-States,Washington,67158.0,81.62,83.45,70.14,42.1,6.56,134.92,39.87,41.18,165.6,-218.6044810687621
755,755,Uruguay,Maldonado-Uruguay,135014.0,99.26,57.96,50.0,15.52,13.44,35.38,56.53,55.0,138.42,-371.27032936537483
756,756,Uruguay,Montevideo,1719453.0,98.04,54.82,68.47,47.18,9.26,61.93,44.04,40.09,140.62,-16046.330645856817
757,757,Uzbekistan,Tashkent,2956384.0,69.79,27.7,62.4,52.47,11.98,39.07,71.31,35.06,132.26,9079.670089730404
758,758,Vanuatu,Port-Vila-Vanuatu,49034.0,83.58,77.48,40.51,40.14,17.04,23.39,60.29,15.0,124.51,82.94790109500035
759,759,Venezuela,Caracas,2245744.0,99.93,43.6,38.13,73.87,28.57,11.22,18.25,33.71,63.14,-95167.34260880004
760,760,Vietnam,Can-Tho-Vietnam,1237300.0,,,66.67,43.97,,,76.47,5.0,,16357.08734102012
761,761,Vietnam,Da-Nang,0.0,70.79,28.34,82.13,54.3,16.56,41.17,75.42,27.11,141.48,0.0
762,762,Vietnam,Hanoi,8246600.0,79.04,30.02,57.75,89.43,20.59,41.03,64.66,28.55,100.7,-42245.96985972587
763,763,Vietnam,Ho-Chi-Minh-City,15136000.0,63.44,31.03,60.18,92.5,32.86,38.02,48.27,31.86,71.0,
764,764,Vietnam,Hue-Vietnam,652572.0,65.78,27.55,91.67,8.62,22.59,30.58,87.82,7.0,180.14,13798.451012538782
765,765,Yemen,Aden-Yemen,507355.0,75.72,,52.78,90.95,16.92,,51.47,15.0,,-2443.3208241301186
766,766,Zambia,Lusaka,2467563.0,,39.71,52.27,84.8,51.72,23.91,56.11,38.86,,-17224.096528522616
767,767,Zimbabwe,Harare,2150000.0,96.76,39.33,42.39,82.0,19.47,25.65,38.68,29.73,85.88,-51586.32134066476
791,791,Argentina,Ensenada,54463.0,96.82,,93.6,43.83,,,60.68,37.0,,-5.513413310363838
799,799,Argentina,Santa-Rosa,102880.0,91.21,,79.14,31.08,6.04,,62.58,38.75,,-10.288
805,805,Australia,Cairns,146778.0,89.82,,69.76,27.18,9.32,,38.28,32.55,,950.6371274210313
808,808,Australia,Darwin,139902.0,79.19,,57.27,23.95,,,37.89,21.11,,907.6578378245896
809,809,Australia,Geelong,180239.0,95.0,,55.39,31.69,,,40.01,38.86,,1168.5334035475819
813,813,Bahamas,Nassau,274400.0,85.98,98.76,40.9,58.69,5.72,45.49,35.16,28.5,111.81,888.7395042748044
828,828,Bolivia,Cochabamba,856198.0,88.74,,43.89,83.0,11.14,,26.27,28.4,,-874.3075471657039
834,834,Bosnia-And-Herzegovina,Tuzla,110979.0,86.08,33.12,44.1,76.81,13.07,63.61,57.03,30.5,117.44,-43.94865765071486
842,842,Brazil,Aveiro,18290.0,97.64,45.19,77.16,39.16,12.64,56.95,74.93,17.12,171.82,-3.6742897378325354
849,849,Brazil,Campinas,1213792.0,98.87,,61.27,45.05,16.82,,33.77,28.44,,-245.94270316912602
856,856,Brazil,Faro,8728.0,98.08,,56.56,26.93,12.21,,73.8,28.0,,-1.7451707294486143
871,871,Brazil,Toledo,150470.0,68.78,58.54,53.17,45.98,2.04,132.07,32.56,45.67,151.93,-30.054263823914756
873,873,Brazil,Viseu,58692.0,,41.64,62.22,20.46,8.55,55.7,85.35,16.0,,-11.691362827776132
883,883,Canada,Norwich,11001.0,88.7,,77.93,36.25,6.18,,74.18,33.12,,59.74465764320007
884,884,Canada,Windsor,306519.0,66.96,61.21,59.91,52.03,5.48,117.44,54.53,22.15,163.16,1664.3700972699744
911,911,Colombia,El-Paso,23534.0,72.05,64.87,62.21,45.49,2.2,150.28,68.36,25.92,191.22,-45.45010421804112
912,912,Colombia,Granada,10117.0,86.55,49.78,77.06,38.74,6.06,95.47,68.41,23.45,183.47,-19.23683093544749
913,913,Colombia,Manizales,454494.0,100.0,,70.0,33.16,,,60.7,23.33,,-863.5386
916,916,Colombia,Pereira,590554.0,98.81,,73.33,73.28,,,59.35,45.0,,-1122.0526
931,931,Congo,Kinshasa,12836000.0,80.95,64.54,21.3,81.9,44.36,12.6,28.27,75.0,11.76,-1347.8639163800792
935,935,Cuba,Bayamo,235107.0,80.07,48.86,77.78,75.86,93.12,1.11,81.62,64.19,18.37,-588.4582933726928
947,947,Ecuador,Loja,203496.0,,,81.48,17.24,,,68.44,20.0,,-204.85375086485234
966,966,France,Saint-Louis,22698.0,74.75,68.78,81.09,37.47,1.59,163.35,29.97,27.07,190.7,25.516150025859694
970,970,Germany,Karlsruhe,308707.0,81.28,64.95,74.06,18.73,8.31,111.01,63.42,24.43,193.32,561.7070575075884
971,971,Germany,Magdeburg,239364.0,,,58.33,17.64,,,69.15,26.8,,433.5366772932923
989,989,India,Amravati,549370.0,59.2,,79.17,68.61,,,46.7,25.0,,55.19329204344532
995,995,India,Belgaum,488157.0,83.09,,30.01,73.1,4.35,,47.97,12.25,,49.083112286224775
998,998,India,Bhopal,1798218.0,66.57,19.55,57.48,57.96,14.2,72.58,55.9,32.53,131.1,183.4548376936896
1004,1004,India,Nellore,547621.0,,,71.3,79.15,5.57,,63.38,33.33,,54.932918722223164
1006,1006,India,Patna,1684222.0,61.71,20.24,55.0,89.28,14.95,54.58,48.74,27.5,98.53,171.24104786694846
1009,1009,India,Salem,693236.0,88.44,,64.79,16.12,3.92,,50.86,21.06,,69.4255154418126
1010,1010,India,Vijayawada,1048240.0,54.22,21.82,63.19,72.79,13.5,48.92,64.81,38.78,111.72,104.6950617142374
1013,1013,Indonesia,Bandung,432557.0,92.13,,64.96,67.92,18.56,,60.68,42.14,,-306.14409034339593
1023,1023,Indonesia,Semarang,1621384.0,66.53,,58.33,50.34,21.51,,62.01,27.4,,-1145.5529926657018
1037,1037,Israel,Bat-Yam,128800.0,93.83,60.01,72.22,44.83,9.31,110.42,70.55,30.0,179.41,244.09424911581874
1039,1039,Israel,Hadera,95700.0,93.96,,86.11,74.14,9.12,,76.1,45.0,,185.56011199824295
1041,1041,Israel,Kefar-Sava,100800.0,93.46,62.23,88.89,54.14,10.33,134.28,80.31,46.0,184.93,194.02167129884393
1042,1042,Israel,Ramat-Gan,159200.0,93.88,68.47,74.72,62.12,14.87,91.18,77.86,21.83,162.54,307.2479341103868
1043,1043,Israel,Rehovot,132671.0,95.46,,69.75,56.52,11.02,,77.61,46.0,,257.3708005657824
1045,1045,Italy,Modena,184153.0,87.99,63.92,77.82,61.21,8.89,71.71,53.08,39.33,139.93,591.9638552532131
1069,1069,Japan,Sendai,1061177.0,87.62,46.19,80.56,12.59,3.66,139.29,89.56,47.5,221.5,744.807417847435
1092,1092,Malaysia,Johor-Bahru,497097.0,64.46,33.36,61.61,63.36,6.79,68.83,50.37,34.87,129.05,759.9773664275635
1093,1093,Malaysia,Kota-Bharu,491237.0,,,77.78,46.85,,,58.68,10.0,,749.9688122458642
1105,1105,Mexico,Puerto-Vallarta,224166.0,82.19,,87.16,57.44,10.11,,64.15,22.44,,-179.83703508233987
1107,1107,Mexico,Saltillo,864431.0,92.15,,84.95,39.23,6.26,,62.35,33.0,,-695.8215384556798
1122,1122,New-Zealand,Napier,62241.0,,,66.67,25.46,3.22,,39.66,9.33,,302.25827494996963
1145,1145,Pakistan,Quetta,1001205.0,70.13,,46.3,89.26,89.96,,45.4,13.75,,-1015.3066434482788
1166,1166,Philippines,Bacolod,600783.0,,,71.11,73.01,,,49.65,32.0,,0.0
1171,1171,Poland,Kielce,186894.0,,,66.67,35.06,9.05,,71.92,24.67,,-1140.0534
1173,1173,Poland,Olsztyn,170225.0,,,50.0,33.71,9.12,,76.36,24.88,,-1038.3725
1217,1217,Portugal,Leiria,126897.0,97.45,,64.09,27.97,9.45,,70.5,19.5,,151.9263630693875
1292,1292,Romania,Baia-Mare,108759.0,78.69,,58.33,45.28,13.42,,57.83,19.07,,-422.0382696660753
1329,1329,South-Africa,Dundee,34924.0,89.56,64.04,88.69,16.38,9.31,108.83,51.5,20.83,197.57,-10.4772
1334,1334,Sri-Lanka,Galle,93118.0,58.21,,52.78,46.55,,,70.17,15.0,,-139.677
1358,1358,Turkey,Denizli,1027782.0,78.69,,77.31,56.41,,,77.03,56.75,,-1541.673
1360,1360,Turkey,Gaziantep,374290.0,73.21,,60.56,61.7,13.43,,47.4,16.0,,-561.4350000000001
1378,1378,United-Kingdom,Basingstoke,107355.0,86.77,,77.55,11.21,11.72,,53.41,32.5,,343.536
1381,1381,United-Kingdom,Derby,270468.0,88.79,68.77,75.69,29.83,9.44,115.22,56.03,33.27,181.14,865.4976
1382,1382,United-Kingdom,Hastings,91053.0,,63.26,88.89,26.1,5.79,92.79,43.5,30.0,,291.3696
1383,1383,United-Kingdom,Preston,141801.0,90.03,,78.89,17.17,,,25.98,26.43,,453.76320000000004
1405,1405,Vietnam,Nha-Trang,392279.0,69.9,,73.61,57.95,18.4,,62.64,8.0,,-78.45580000000001
2204,786,Argentina,Bahia-Blanca-Argentina,301572.0,91.54,,67.59,63.45,20.0,,54.15,30.0,,
2212,794,Argentina,La-Plata-Argentina,193144.0,97.52,,60.19,60.2,7.0,,31.53,39.11,,
2213,795,Argentina,Mendoza-Argentina,115041.0,87.76,26.33,58.33,36.18,11.61,50.87,34.42,36.5,133.53,
2221,803,Australia,Alice-Springs-Australia,23726.0,73.52,,82.87,33.5,5.18,,27.9,10.0,,
2230,812,Australia,Shepparton-Australia,31197.0,87.97,,32.41,32.76,,,21.05,20.0,,
2239,821,Bangladesh,Sylhet-Bangladesh,479837.0,,21.2,55.56,54.44,6.45,37.97,47.19,14.0,,
2250,832,Bolivia,Tarija-Bolivia,268000.0,94.83,27.96,33.33,58.62,11.24,32.66,50.32,43.0,108.56,
2259,841,Brazil,Aracaju-Brazil,664908.0,82.57,,55.95,20.69,11.12,,38.92,27.4,,
2268,850,Brazil,Campo-Grande-Brazil,897938.0,96.36,32.77,66.2,21.95,17.65,27.29,45.38,36.12,138.59,
2276,858,Brazil,Indaiatuba-Brazil,256223.0,98.96,,81.48,20.26,12.88,,61.76,40.0,,
2288,870,Brazil,Teresina-Brazil,953172.0,52.4,,62.78,39.66,,,23.43,43.0,,
2326,908,Colombia,Buenaventura-Colombia,423927.0,58.56,,38.89,74.14,13.94,,0.29,116.89,,
2338,920,Colombia,Santa-Marta-Colombia,515556.0,61.06,31.36,71.3,68.52,26.97,20.77,44.45,8.0,99.62,
2360,942,Denmark,Svendborg-Denmark,27594.0,83.31,,100.0,5.75,4.27,,95.29,72.5,,
2362,944,Ecuador,Ambato-Ecuador,177316.0,99.77,,68.29,41.91,6.43,,29.42,34.0,,
2380,962,France,Angers-France,157175.0,91.82,61.82,75.0,12.02,11.08,109.38,61.28,33.17,193.14,
2381,963,France,Dijon-France,159346.0,84.03,65.26,72.22,40.31,9.87,91.68,48.37,30.0,159.49,
2383,965,France,Reims-France,179380.0,84.26,,79.17,22.41,7.51,,45.83,40.5,,
2386,968,France,Tours-France,137658.0,90.35,60.99,72.22,16.81,,97.87,57.7,8.0,,
2410,992,India,Anantapur-India,267161.0,,,41.67,52.08,,,66.42,22.5,,
2429,1011,Indonesia,Banda-Aceh-Indonesia,235305.0,,,51.39,25.86,,,65.76,17.0,,
2440,1022,Indonesia,Samarinda-Indonesia,831460.0,,,36.11,35.63,,,75.0,25.0,,
2448,1030,Iran,Kerman-Iran,738374.0,51.9,23.15,61.11,46.84,14.89,27.49,55.83,15.0,124.73,
2450,1032,Iran,Qazvin-Iran,402748.0,,,50.0,61.61,15.76,,59.12,28.0,,
2451,1033,Iran,Qom-Iran,1201158.0,57.14,,41.67,68.48,17.75,,70.66,45.0,,
2465,1047,Jamaica,Portmore-Jamaica,156469.0,80.74,,100.0,70.99,,,29.33,68.5,,
2470,1052,Japan,Chiba-Japan,975014.0,,,76.85,17.82,,,70.09,32.5,,
2472,1054,Japan,Hiroshima-Japan,1198021.0,87.1,,91.67,25.98,,,69.4,45.0,,
2474,1056,Japan,Kanazawa-Japan,462479.0,85.29,,77.78,1.72,,,97.06,30.0,,
2488,1070,Japan,Shizuoka-Japan,685589.0,89.75,,84.49,29.6,2.82,,94.12,20.0,,
2508,1090,Malaysia,Bukit-Mertajam-Malaysia,210000.0,59.49,,77.78,43.97,,,73.08,23.5,,
2522,1104,Mexico,Morelia-Mexico,1011704.0,95.97,,82.22,47.2,,,43.1,28.75,,
2524,1106,Mexico,Reynosa-Mexico,589466.0,90.0,,80.56,49.48,,,30.7,21.5,,
2526,1108,Mexico,Tepic-Mexico,332863.0,95.54,,75.0,52.3,,,45.69,25.0,,
2527,1109,Mexico,Veracruz-Mexico,428323.0,83.51,40.67,77.13,32.41,5.01,45.38,50.8,12.0,165.56,
2558,1140,Nigeria,Oyo-Nigeria,386723.0,,,6.94,103.45,20.5,,25.0,42.0,,
2588,1170,Philippines,Tacloban-Philippines,251881.0,57.75,,69.44,46.55,,,59.76,10.0,,
2592,1174,Poland,Opole-Poland,127387.0,77.8,43.78,48.61,57.03,8.19,81.11,79.84,26.5,153.91,
2595,1177,Portugal,Albufeira-Portugal,44158.0,98.0,,54.17,45.75,7.69,,67.44,10.0,,
2599,1181,Portugal,Almada-Portugal,177268.0,98.58,47.89,53.47,24.86,17.2,46.75,53.44,40.0,141.1,
2600,1182,Portugal,Amadora-Portugal,175136.0,98.35,42.71,82.41,49.71,12.36,56.01,47.64,0.0,162.2,
2607,1189,Portugal,Barreiro-Portugal,78345.0,98.53,,58.33,52.99,10.25,,48.21,0.0,,
2685,1267,Portugal,Tavira-Portugal,26167.0,98.0,,88.89,24.14,11.54,,68.19,15.0,,
2686,1268,Portugal,Tomar-Portugal,40677.0,97.38,,75.0,12.07,,,74.36,20.0,,
2690,1272,Portugal,Torres-Vedras-Portugal,79465.0,98.38,,83.75,24.14,12.29,,62.7,5.0,,
2703,1285,Portugal,Vila-Real-Portugal,51850.0,,,62.5,6.47,6.77,,74.75,18.0,,
2716,1298,Russia,Arkhangelsk-Russia,351488.0,31.17,,59.72,64.66,8.14,,52.94,15.4,,
2718,1300,Russia,Astrakhan-Russia,524371.0,64.84,,41.25,60.2,12.02,,63.18,12.0,,
2720,1302,Russia,Barnaul-Russia,631124.0,16.93,28.59,48.61,93.97,15.58,42.67,65.39,42.33,72.6,
2721,1303,Russia,Belgorod-Russia,333931.0,64.98,,56.94,39.12,15.7,,65.51,33.83,,
2726,1308,Russia,Tula-Russia,467955.0,,,50.31,57.43,10.91,,71.38,40.2,,
2741,1323,Serbia,Zrenjanin-Serbia,67129.0,84.14,,22.5,82.57,14.21,,57.19,22.0,,
2754,1336,Sri-Lanka,Jaffna-Sri-Lanka,88138.0,,,55.56,63.55,,,53.36,23.33,,
2766,1348,Thailand,Chiang-Rai-Thailand,70610.0,80.77,,60.98,74.68,,,85.72,12.33,,
2774,1356,Turkey,Alanya-Turkey,364180.0,,,85.56,36.14,18.66,,80.78,18.8,,
2775,1357,Turkey,Balikesir-Turkey,1250610.0,87.55,37.57,73.61,51.18,6.85,32.84,62.56,18.67,148.98,
2780,1362,Turkey,Malatya-Turkey,426381.0,66.36,,86.11,55.75,,,71.94,37.5,,
2784,1366,Turkmenistan,Mary-Turkmenistan,126141.0,69.42,,94.44,3.45,,,22.06,7.0,,
2795,1377,United-Kingdom,Bangor-United-Kingdom,61011.0,91.16,,75.46,24.89,,,75.34,70.0,,
2798,1380,United-Kingdom,Carlisle-United-Kingdom,75399.0,91.21,,57.22,21.55,5.02,,66.68,18.0,,
2815,1397,Venezuela,Maracay-Venezuela,91606.0,88.27,31.4,31.94,97.13,6.65,23.95,18.09,16.0,78.29,
