,index,city,climate_index,cost_of_living_index,health_care_index,pollution_index,property_price_to_income_ratio,purchasing_power_index,safety_index,traffic_commute_time_index,quality_of_life_index,city_net_migration
0,0,Kabul,,,26.16,89.71,9.61,,22.09,56.17,,-111660.58540841585
1,1,Durres-Albania,86.28,,11.11,77.24,9.33,,71.6,30.0,,1391.3846026928622
2,2,Elbasan-Albania,86.28,,30.56,0.0,7.35,,50.55,80.0,,-368.2582999979959
3,3,Shkoder,88.56,,55.0,19.14,10.07,,30.1,14.0,,-2011.9515378011556
4,4,Tirana,86.43,45.4,47.75,86.97,15.56,40.07,58.96,38.97,95.85,-3622.062040879469
5,5,Algiers,94.82,30.21,57.15,67.75,26.85,28.78,48.42,51.2,89.55,-60588.512416993195
6,6,Annaba-Algeria,97.28,,76.85,95.69,12.93,,36.56,15.0,,-3444.202626534747
7,7,Constantine-Algeria,84.71,,33.33,54.74,24.33,,55.95,58.67,,-917.4032538724464
8,8,Oran-Algeria,96.35,28.35,55.32,63.65,17.26,33.43,43.76,105.0,74.47,-2289.192244601928
9,9,Setif-Algeria,80.17,,59.26,72.41,,,44.71,13.5,,-2586.042015516968
10,10,Andorra-La-Vella,,52.41,76.85,36.84,8.91,112.86,88.45,13.33,,542.4382106432658
11,11,Luanda,79.91,44.76,38.31,92.07,26.33,79.24,33.2,65.43,65.36,-260211.01753807836
12,12,Buenos-Aires,98.28,32.8,68.39,51.76,23.07,32.76,36.56,49.65,105.81,-379464.17801552184
13,13,Cordoba,99.95,33.44,71.13,66.48,10.51,43.61,38.09,33.14,123.52,-38436.94001094266
14,14,Mar-Del-Plata-Argentina,93.45,27.95,66.67,33.62,17.3,45.44,36.92,25.8,139.04,-11996.522262052036
15,15,Rosario,96.13,27.8,75.53,42.97,12.7,52.51,24.44,25.61,138.54,-32241.513171466417
16,16,Yerevan,63.42,42.31,57.34,60.68,19.97,33.62,77.69,29.76,116.84,6269.703630028742
17,17,Adelaide,94.96,76.99,73.94,24.29,7.91,106.67,67.7,35.46,188.21,22382.595647245078
18,18,Brisbane,98.07,68.87,74.46,28.53,8.66,131.83,63.3,40.8,191.89,37630.833888691115
19,19,Canberra,82.72,80.61,72.41,22.76,9.24,103.1,73.71,34.94,184.69,7782.4971628135545
20,20,Gold-Coast,97.73,69.87,79.24,23.54,9.63,134.44,53.07,27.22,198.67,6174.595094563874
21,21,Hobart,90.62,74.74,69.17,15.77,8.7,114.93,66.1,27.2,196.61,3394.8130521175794
22,22,Ipswich-Australia,96.3,,81.94,25.86,,,40.62,20.0,,-2336.27413555318
23,23,Melbourne,94.3,68.62,73.02,27.5,7.58,138.76,56.31,41.81,190.63,57052.05663800456
24,24,Perth,95.71,70.3,71.98,26.91,5.42,139.04,58.43,41.12,194.58,29355.99910474564
25,25,Sydney,97.07,74.14,74.79,28.62,14.68,116.83,65.92,43.39,179.09,72008.89337995696
26,26,Wollongong,94.3,,68.89,30.42,4.87,,51.64,32.38,,-692.3638646271442
27,27,Graz,73.93,64.04,76.51,38.38,10.23,110.17,72.98,30.52,178.33,5243.894073191492
28,28,Innsbruck,74.57,65.47,77.32,22.98,20.1,90.15,74.34,25.45,174.33,2249.445783369799
29,29,Klagenfurt-Austria,74.35,68.37,62.22,29.6,11.66,74.53,64.14,25.83,160.41,771.7284249921107
30,30,Linz,78.95,66.05,76.87,33.65,8.54,106.42,70.99,25.9,184.6,3733.8201934059484
31,31,Salzburg,76.51,69.58,75.48,27.77,11.56,98.16,79.53,34.6,180.39,-3544.7848302810576
32,32,Vienna,81.77,65.29,79.48,16.08,12.34,112.37,69.95,22.95,197.9,43542.01499539376
33,33,Villach-Austria,75.94,73.48,68.35,37.12,10.66,71.51,72.25,16.96,166.14,928.9648496270405
34,34,Baku,91.4,33.17,47.71,74.35,14.02,38.04,69.5,37.26,113.98,1339.0028338967047
35,35,Al-Muharraq,63.99,,83.33,70.5,,,66.76,20.0,,459.81715610283436
36,36,Manama,64.31,50.77,67.69,62.33,4.24,104.91,80.91,30.75,164.69,12642.609698647013
37,37,Riffa-Bahrain,63.99,,66.67,70.06,,,80.02,20.0,,1169.0027741687493
38,38,Chittagong,74.52,21.81,50.23,80.65,9.56,38.13,36.06,69.25,78.09,-239988.0563682948
39,39,Dhaka,71.29,25.49,40.18,94.18,14.38,32.15,37.51,61.39,61.05,-565105.4394641714
40,40,Khulna-Bangladesh,,21.49,80.56,51.07,6.4,31.52,48.02,25.0,,-15028.342181518523
41,41,Bridgetown,71.34,73.31,69.91,18.53,12.32,53.14,58.03,36.67,151.67,158.80638323973395
42,42,Brest-Belarus,74.17,,44.91,50.62,9.75,,54.56,37.5,,-842.3524564762014
43,43,Gomel,67.07,30.59,41.15,58.16,12.0,32.79,52.19,38.0,105.2,-44561.36723345776
44,44,Hrodna,,,52.78,40.23,8.75,,57.92,23.0,,128.23784611931612
45,45,Minsk,64.37,28.12,49.05,42.7,11.94,58.15,48.18,31.21,129.6,-23810.594317034684
46,46,Antwerp,85.42,66.39,80.29,59.03,7.55,99.41,60.02,37.0,158.32,3581.377937753594
47,47,Brussels,83.85,67.58,73.55,61.58,7.01,103.28,44.43,36.81,147.67,-6566.310022597861
48,48,Charleroi-Belgium,86.46,,70.0,66.85,5.91,,36.68,45.2,,-2736.7209861123456
49,49,Gent,88.72,63.93,79.92,37.59,6.77,116.33,73.89,36.69,188.46,5640.1846709545725
50,50,Liege,84.7,66.89,79.95,53.26,5.3,103.89,39.4,31.17,158.38,-1415.409998992858
51,51,Namur-Belgium,,,0.0,46.91,,,47.64,37.5,,-886.5602117877557
52,52,Belize-City,67.93,,52.31,64.01,,,32.09,0.0,,-1035.743610120502
53,53,Belmopan,68.24,,35.42,41.38,,,54.12,16.0,,-58.50455539829907
54,54,Cotonou-Benin,61.89,,51.39,87.93,,,64.69,26.0,,2457.174389685861
55,55,Thimphu-Bhutan,84.68,26.73,62.64,60.73,4.81,50.15,61.76,3.0,154.75,150.0888545084659
56,56,La-Paz,55.46,30.02,47.01,75.36,12.06,40.51,39.56,52.67,81.65,-625.570395927684
57,57,Santa-Cruz-Bolivia,81.58,27.4,47.41,56.42,13.57,35.12,33.73,35.6,105.35,3196.8491539828815
58,58,Banja-Luka,82.77,37.39,46.8,55.62,14.69,51.96,65.34,22.22,133.15,180.03703961679486
59,59,Doboj-Bosnia-And-Herzegovina,,,30.56,40.52,13.16,,58.5,120.0,,-255.3937557122911
60,60,Mostar,84.74,35.95,54.86,26.47,11.8,53.99,60.51,17.6,160.2,217.38068512106926
61,61,Prijedor-Bosnia-And-Herzegovina,,,38.89,32.76,12.06,,58.09,30.0,,4.642528368552846
62,62,Sarajevo,78.18,36.91,60.71,65.71,13.29,67.4,55.47,27.02,130.75,-2059.3566490540607
63,63,Zenica-Bosnia-And-Herzegovina,78.18,,64.68,63.34,10.0,,50.33,8.0,,-504.53993807826816
64,64,Gaborone,88.87,31.77,61.72,44.1,209.72,40.49,44.48,28.53,0.0,-8800.602898474759
65,65,Belo-Horizonte,98.5,31.63,64.65,52.05,17.56,28.08,39.45,43.55,112.46,-107117.29385681219
66,66,Brasilia,98.97,32.96,51.82,29.96,17.78,41.99,40.47,30.61,134.39,-43963.47140083183
67,67,Curitiba,99.6,30.93,66.85,31.25,17.3,39.87,37.83,32.74,137.21,-30199.522120517136
68,68,Florianopolis,97.0,33.92,60.88,40.28,16.91,41.86,52.39,45.23,129.85,-4351.636041217656
69,69,Fortaleza,80.35,32.43,51.89,56.52,23.63,19.99,25.28,43.4,81.92,-148081.62429069952
70,70,Goiania,95.46,32.48,68.47,38.26,14.46,31.49,38.07,29.31,132.96,-25761.182425138668
71,71,Guarulhos-Brazil,99.34,,60.71,46.83,20.27,,36.01,61.6,,-18692.1747938021
72,72,Manaus,67.93,33.81,48.47,74.62,11.99,39.43,29.08,39.22,87.62,-64789.21257000977
73,73,Porto-Alegre,98.74,32.73,64.35,56.9,13.76,37.78,29.35,31.32,117.82,-34065.65676355086
74,74,Recife,79.28,29.71,64.3,70.95,11.2,52.64,24.05,46.92,100.29,-47161.759877573626
75,75,Rio-De-Janeiro,88.22,34.49,45.54,67.28,23.59,25.76,22.48,51.82,71.37,-481102.62232034263
76,76,Salvador,82.81,32.68,62.24,41.15,11.73,32.73,23.46,38.35,115.72,34810.55239930469
77,77,Santos,90.62,,63.55,36.28,14.54,,49.44,20.25,,-4253.07879365657
78,78,Sao-Paulo,99.04,36.62,59.86,78.69,23.48,31.16,29.68,50.75,79.29,-109466.35184006592
79,79,Sao-Paulo-Brazil,99.04,36.62,59.86,78.69,23.48,31.16,29.68,50.75,79.29,-720472.7419582964
80,80,Bandar-Seri-Begawan,56.98,42.45,76.34,33.09,7.48,126.25,72.58,27.11,188.98,899.1948886406905
81,81,Burgas,87.37,38.53,56.11,46.28,8.83,62.18,61.89,17.73,154.98,534.8868069188552
82,82,Pleven-Bulgaria,77.59,,22.22,61.11,8.02,,65.81,33.33,,578.130340598434
83,83,Plovdiv,82.57,36.79,56.7,58.86,8.57,68.06,73.42,24.33,150.48,3553.6328703923855
84,84,Ruse,75.97,,66.67,75.22,6.31,,65.71,45.0,,816.3843597225047
85,85,Sliven-Bulgaria,77.59,,5.56,38.85,3.78,,67.02,60.0,,627.5112520450791
86,86,Sofia,76.01,41.41,58.49,68.44,9.57,80.82,59.94,31.03,136.18,-196.7081713289621
87,87,Stara-Zagora-Bulgaria,81.34,,47.87,36.44,4.41,,76.88,19.2,,1940.7390785619295
88,88,Varna,85.08,39.22,63.84,59.73,9.66,60.98,64.56,28.86,142.74,1078.7977934704184
89,89,Bujumbura-Burundi,,,53.7,67.53,,,47.93,46.0,,-8147.510005879941
90,90,Phnom-Penh,59.43,41.39,50.55,79.21,27.76,21.67,45.19,31.0,71.08,-50727.51088865092
91,91,Siem-Reap,63.63,,41.53,68.32,30.3,,66.41,7.5,,654.5053597806698
92,92,Douala,59.46,48.58,37.98,96.14,48.31,7.42,29.68,40.0,15.56,-248169.88664843974
93,93,Yaounde-Cameroon,88.55,32.77,42.06,94.09,,30.34,50.82,55.0,,-23012.5553973284
94,94,Brampton,59.24,,67.43,36.92,9.12,,44.83,44.7,,-5907.309393614726
95,95,Calgary,33.09,70.48,74.09,23.38,4.22,120.87,61.51,28.95,178.43,12710.05786299929
96,96,Cambridge-Canada,50.84,,60.02,44.03,,,46.66,32.83,,-1195.9413806482341
97,97,Edmonton,32.11,62.97,77.33,28.78,3.81,119.42,53.4,28.09,172.77,3408.160282267339
98,98,Halifax,58.99,67.87,66.34,24.11,9.53,91.03,59.03,31.38,164.04,2162.49694215596
99,99,Hamilton,61.06,66.69,75.86,60.09,29.57,92.74,44.72,36.15,115.78,-114.94984260922052
100,100,Kitchener,50.39,62.69,65.33,27.27,7.03,119.47,57.99,25.44,175.51,3557.238285126336
101,101,Laval,53.29,,53.77,20.65,,,47.4,30.0,,-3511.609083647867
102,102,Markham,55.75,,78.09,14.97,7.72,,73.43,34.4,,3666.367011795958
103,103,Mississauga,58.72,59.93,69.94,23.47,8.77,117.63,56.5,37.3,173.79,3905.07386838418
104,104,Montreal,52.37,63.58,62.54,33.72,10.62,100.13,67.63,39.72,157.02,36162.440831022184
105,105,Oshawa,53.59,,79.43,38.7,,,40.5,31.88,,-4089.37280582918
106,106,Ottawa,44.46,67.66,68.76,24.51,8.07,104.56,69.37,34.4,170.46,14083.491539694176
107,107,Quebec-City,47.98,64.07,69.32,37.0,11.61,102.8,77.79,33.91,164.11,12974.034285273474
108,108,Saskatoon,15.79,66.94,64.49,30.38,4.41,96.73,49.28,15.42,155.33,-1150.1791911858395
109,109,Surrey,88.55,69.63,66.38,34.45,20.18,81.23,35.74,36.21,138.21,-8171.850326164791
110,110,Toronto,65.35,67.1,74.32,37.38,12.9,107.27,56.68,44.72,155.87,19698.482418393975
111,111,Vancouver,91.15,70.09,72.16,25.49,14.09,95.02,57.71,36.72,169.66,15436.859522620896
112,112,Victoria,92.52,72.82,66.38,18.41,15.24,78.38,58.89,32.0,167.39,189.39054324668032
113,113,Winnipeg,24.67,64.07,68.36,35.73,6.23,95.34,39.67,31.32,141.42,-9538.2535243981
114,114,George-Town,58.15,26.31,77.19,55.46,7.18,94.1,72.95,25.0,165.1,321.3836882345939
115,115,Bangui-Central-African-Republic,72.09,,34.26,84.83,,,18.02,5.0,,-25110.218878344527
116,116,Concepcion,96.65,,65.42,42.66,19.05,,45.79,36.38,,-360.0491414193312
117,117,Santiago,90.21,43.29,65.16,70.78,17.94,43.21,36.82,37.12,103.82,-1277.4688331051318
118,118,Valparaiso,97.88,40.49,52.78,54.55,,36.43,32.6,29.5,,-480.70547414833754
119,119,Vina-Del-Mar,97.98,40.67,68.75,39.01,17.32,39.08,60.13,29.75,143.59,-48.493587467762
120,120,Beijing,57.64,35.31,68.69,77.85,31.17,105.76,73.6,43.59,117.4,112867.86749845905
121,121,Changsha-China,,32.82,70.37,57.73,24.21,69.83,80.53,33.33,,65082.82765167428
122,122,Chengdu,91.18,29.86,65.7,72.88,18.17,80.23,79.63,38.93,139.38,194513.82796797986
123,123,Chongqing,91.6,27.67,64.58,75.16,17.24,76.15,78.75,46.88,132.65,138888.23817514023
124,124,Dalian,63.7,30.28,75.0,62.16,16.49,69.91,83.42,30.0,144.95,86626.06526560188
125,125,Dongguan-China,81.8,32.48,58.33,78.51,26.46,74.9,66.57,40.0,111.8,-1622.161750805045
126,126,Foshan,80.64,,49.07,70.69,18.91,,58.4,17.0,,1156.6606194145766
127,127,Guangzhou,80.3,33.4,67.18,69.91,31.93,84.06,70.17,37.46,121.74,114555.11234337334
128,128,Hangzhou,84.29,33.73,69.76,66.51,26.74,78.47,83.42,37.0,136.14,144885.36141476352
129,129,Hong-Kong,83.64,71.45,65.96,67.01,29.29,109.37,78.39,41.9,135.15,121027.30858345897
130,130,Jinan-China,66.62,30.13,59.72,78.04,17.28,70.68,82.44,50.0,118.28,60230.08286999645
131,131,Nanjing,80.6,30.7,73.48,72.74,27.62,77.37,86.34,46.5,127.95,133199.44793777936
132,132,Ningbo,,,56.25,80.75,28.98,,88.43,35.0,,82975.34525361529
133,133,Qingdao,70.4,35.56,76.72,50.47,21.55,60.57,89.67,27.87,150.54,117123.16793380509
134,134,Shanghai,83.64,36.93,64.42,71.48,36.91,91.45,71.32,46.96,114.15,104627.88145248075
135,135,Shenyang,35.46,27.85,79.98,91.55,9.94,81.4,76.51,34.8,123.47,56498.988960104696
136,136,Shenzhen,81.8,34.62,61.2,56.96,30.03,104.37,73.5,34.9,141.33,180454.49836109337
137,137,Suzhou,75.8,56.96,66.67,72.55,22.29,55.34,88.31,22.2,130.77,94753.20510841347
138,138,Tianjin,64.22,29.95,73.81,86.06,24.35,89.93,66.16,47.0,111.76,5707.397882715932
139,139,Wuhan,82.22,30.86,71.67,86.32,19.25,73.93,76.06,33.15,127.22,89619.00863065498
140,140,Zhengzhou-China,74.29,29.59,77.78,94.3,19.16,60.06,78.59,65.0,101.71,32890.674084584745
141,141,Barranquilla,54.07,29.25,63.21,51.31,15.29,30.72,33.62,35.5,102.24,-35992.532419235315
142,142,Bogota,97.12,29.7,65.18,70.2,22.02,30.2,33.5,51.98,89.49,-218637.00612308556
143,143,Bucaramanga,97.37,26.7,68.95,52.34,14.02,43.85,47.01,36.2,131.4,-10331.108963976236
144,144,Cali,93.2,30.22,70.31,42.05,10.88,39.53,28.29,33.92,130.25,-60533.67930088805
145,145,Cartagena,55.95,35.22,51.85,50.57,27.49,33.73,47.41,30.0,96.86,-269.9566925083473
146,146,Cucuta-Colombia,80.03,28.48,69.44,63.79,25.96,28.92,35.59,47.0,88.98,-21675.25072863078
147,147,Medellin,99.76,31.86,78.42,63.34,18.27,32.69,46.43,38.7,117.87,-35366.33493849253
148,148,San-Jose-Costa-Rica,99.48,53.04,61.89,52.48,8.91,43.34,44.26,63.6,116.38,2973.539118415609
149,149,Karlovac,83.86,,72.22,15.17,11.76,,83.86,12.0,,940.1752861308942
150,150,Osijek,82.89,43.97,61.84,17.66,9.42,67.69,82.23,16.31,186.81,2097.225098868281
151,151,Pula,90.07,,56.94,23.7,12.73,,73.1,13.2,,593.435102703279
152,152,Rijeka,94.85,48.77,66.16,32.45,10.97,68.22,75.41,18.33,176.43,1441.864522354015
153,153,Sesvete-Croatia,81.75,,68.75,15.52,,,90.0,57.0,,1600.3553824141345
154,154,Slavonski-Brod,80.75,,59.17,53.72,,,83.58,12.67,,803.3376356441795
155,155,Split,96.26,46.61,71.51,26.57,16.89,67.05,68.74,18.4,173.42,1841.3151603685908
156,156,Zadar,88.71,49.44,54.27,34.86,20.7,47.2,49.43,27.2,132.4,-635.8592553468335
157,157,Zagreb,82.19,47.85,65.03,33.3,12.34,79.78,78.71,30.02,170.35,13734.895166188844
158,158,Havana,89.86,50.38,54.51,58.08,55.29,1.82,67.91,46.67,64.06,-19033.47207665431
159,159,Kyrenia-Cyprus,86.01,,77.78,53.45,8.82,,88.35,27.67,,735.1758877188832
160,160,Larnaca,94.95,57.38,58.82,50.34,10.18,56.74,71.6,41.2,143.6,791.6487498954411
161,161,Limassol,95.74,57.84,51.26,59.46,11.15,69.75,62.76,20.57,144.84,959.8691869628825
162,162,Nicosia,86.01,53.7,56.55,57.84,6.8,75.85,69.52,24.38,153.48,3223.99185418128
163,163,Paphos,96.66,54.29,68.72,36.63,5.83,83.65,67.76,19.38,181.69,854.058934644782
164,164,Brno,78.17,43.65,76.3,40.25,13.16,95.38,74.51,26.01,174.62,6460.894163207117
165,165,Ceske-Budejovice,79.16,48.9,89.72,43.1,11.16,74.86,80.94,35.0,170.41,1956.6954750693073
166,166,Hradec-Kralove,77.14,45.69,85.19,28.79,12.87,92.67,79.33,19.75,190.01,2055.3240950384684
167,167,Liberec,85.53,46.8,82.61,31.03,10.7,80.5,69.26,24.8,179.92,1445.2047552899294
168,168,Olomouc,73.57,,75.71,31.82,15.92,,80.74,24.0,,1648.426521656804
169,169,Ostrava,76.12,46.17,82.34,54.19,7.3,85.1,69.03,16.7,170.48,3377.7801894779186
170,170,Pardubice,76.82,45.31,79.72,45.2,12.99,75.46,67.66,12.75,167.48,906.8402918338451
171,171,Plzen,81.43,46.49,75.87,33.94,11.19,95.97,69.16,23.58,180.2,2472.865437224046
172,172,Prague,80.67,50.42,74.72,33.52,17.12,83.63,75.51,31.82,167.57,21863.332986989113
173,173,Aalborg,81.94,74.93,75.88,13.73,6.23,115.46,74.7,24.62,206.02,3531.6865003614794
174,174,Aarhus-Denmark,81.2,74.23,79.28,26.63,7.15,125.12,78.31,29.58,200.87,7749.905780701487
175,175,Copenhagen,83.74,76.76,76.82,21.26,8.35,119.34,74.13,27.97,199.25,32163.33298589511
176,176,Esbjerg,80.25,,66.67,5.17,2.33,,64.93,13.5,,417.15561559997985
177,177,Horsens,77.78,70.37,91.67,78.45,3.6,98.02,81.05,26.0,166.39,1402.1467842636819
178,178,Kolding-Denmark,80.32,,84.03,2.59,4.54,,88.6,35.0,,1418.1665431887625
179,179,Odense,80.32,76.95,85.14,29.79,5.0,94.63,74.55,32.88,186.96,3823.2615756826053
180,180,Santo-Domingo,67.82,44.98,54.92,77.92,16.91,26.92,31.72,36.18,79.76,-233.88782892520402
181,181,Santo-Domingo-Este-Dominican-Republic,,,66.67,90.09,,,54.9,73.5,,-109773.86504010853
182,182,Cuenca,98.36,32.17,78.29,46.96,13.37,40.5,54.5,35.2,142.06,-1705.707868085723
183,183,Guayaquil,86.21,37.66,51.19,71.08,13.1,40.61,25.6,37.4,95.31,-83717.47575350803
184,184,Quito,98.97,35.09,70.08,65.07,12.97,39.31,37.0,40.06,115.36,-35818.401230250485
185,185,Alexandria,95.5,18.37,45.34,73.48,14.29,18.52,54.94,43.98,97.75,-187.56563203278637
186,186,Cairo-Egypt,88.45,20.79,45.93,90.78,17.66,18.18,49.33,49.93,74.57,-423596.3528235875
187,187,Giza,88.45,,62.58,101.44,12.17,,41.47,50.0,,-61550.99786866145
188,188,San-Salvador,86.6,41.22,52.87,87.15,13.76,28.06,39.35,41.07,84.39,-480.6154914170487
189,189,Bata-Equatorial-Guinea,,,38.89,72.41,,,38.71,26.0,,-4971.2497290155
190,190,Malabo-Equatorial-Guinea,71.16,,44.44,45.86,,,60.74,15.0,,464.3522437339438
191,191,Narva-Estonia,,,57.99,38.7,3.87,,55.46,16.5,,-53.94126361687792
192,192,Parnu-Estonia,78.11,,75.82,24.57,10.29,,73.55,10.62,,469.7959578328702
193,193,Rakvere-Estonia,61.2,,80.56,2.8,6.04,,82.48,14.33,,275.15048216621045
194,194,Tallinn,64.28,55.79,74.78,18.82,11.56,79.94,77.69,24.72,180.11,11616.204789097628
195,195,Tartu,,53.33,85.73,11.0,10.14,77.23,78.0,15.35,,1474.9869283250755
196,196,Addis-Ababa,96.82,49.85,53.79,74.58,54.24,10.19,51.1,70.62,39.15,-71600.51718510328
197,197,Nadi-Fiji,82.11,,40.28,57.2,2.72,,47.09,95.0,,-523.7830857356452
198,198,Suva,71.89,37.22,49.95,51.81,1.57,96.36,45.55,34.82,148.02,-1456.2037724052925
199,199,Espoo,59.49,74.24,66.42,12.72,11.31,103.04,81.39,29.71,186.24,7293.925422991653
200,200,Helsinki,62.79,67.23,80.0,12.68,10.96,107.89,75.43,25.41,194.97,30675.914623320692
201,201,Jyvaskyla,46.21,62.05,63.3,6.29,4.49,116.8,79.91,22.2,201.41,3647.7375555908948
202,202,Kuopio,44.79,62.46,82.22,16.78,5.73,104.19,83.34,24.0,196.0,3180.198348235208
203,203,Lahti,55.91,63.62,59.85,14.07,5.42,110.6,52.28,40.0,171.8,262.08695525623375
204,204,Oulu,46.38,65.36,71.75,14.25,4.89,124.96,65.22,19.25,196.2,3068.932682142332
205,205,Tampere,54.32,60.23,79.97,15.33,7.35,124.38,78.71,28.13,201.55,8389.380914385021
206,206,Turku,60.23,64.7,83.82,14.57,5.15,116.66,78.48,27.51,204.43,6465.2068231965495
207,207,Vantaa,59.49,65.79,62.78,18.51,10.02,90.49,74.11,33.14,172.69,3499.4350385016623
208,208,Bordeaux,93.3,66.92,83.29,39.05,11.23,97.57,50.48,28.73,170.36,2167.514651989678
209,209,Brest,93.14,55.91,83.89,44.54,5.33,121.12,39.99,31.33,176.77,-1219.7473610733416
210,210,Grenoble,81.62,63.32,75.15,56.87,7.85,106.77,39.99,25.26,155.24,-1131.4921022241033
211,211,Lille,87.78,63.91,80.63,51.61,12.51,99.23,49.11,35.18,154.86,-21.44841128284823
212,212,Lyon,88.51,68.9,77.03,51.62,9.41,106.34,44.48,35.78,156.49,-1498.7142283261169
213,213,Marseille,92.7,69.9,82.75,71.6,9.28,87.7,34.04,31.14,136.53,-12303.421041733409
214,214,Montpellier,92.22,64.29,88.43,43.27,10.34,97.67,37.26,30.75,162.81,-2438.6698097626586
215,215,Nantes,91.59,,80.11,32.91,14.72,,40.83,31.53,,-3299.901028583964
216,216,Nice,95.11,70.34,85.5,49.0,10.96,94.56,43.99,40.19,154.98,-1488.6540513218417
217,217,Paris,88.39,74.99,77.29,64.52,17.72,93.77,42.24,41.33,130.11,-140.29707583696674
218,218,Rennes,90.4,55.89,87.5,45.21,10.02,108.23,46.9,23.29,174.49,32.43224554831179
219,219,Strasbourg,84.71,67.24,78.89,45.22,9.22,94.93,58.44,31.16,165.31,1794.207603047886
220,220,Toulouse,91.87,65.23,83.96,40.0,7.0,115.37,50.28,33.33,178.63,1491.521769651153
221,221,Libreville-Gabon,68.21,,31.48,76.47,73.32,,42.24,16.35,,-10978.95512598592
222,222,Batumi,92.86,31.18,69.05,46.87,10.88,38.06,81.68,42.55,148.12,2339.764123545056
223,223,Tbilisi,84.2,35.62,55.05,71.7,14.34,33.96,74.38,40.58,114.87,4295.689304996098
224,224,Aachen,87.19,62.41,80.91,34.97,11.15,125.63,66.5,23.55,192.45,4300.625260868746
225,225,Augsburg,75.93,63.44,70.61,24.14,9.37,117.45,68.9,46.86,179.74,4443.539916267945
226,226,Berlin,83.35,64.94,67.52,38.75,10.82,121.05,55.46,33.73,170.92,106.52023842511957
227,227,Bielefeld,84.83,64.77,67.42,44.05,7.15,98.39,63.54,20.83,172.95,3569.952251957401
228,228,Bochum,,63.89,59.52,37.82,7.87,100.3,72.23,23.0,,4570.829599324347
229,229,Bonn,84.85,64.74,71.26,20.13,7.04,110.38,58.9,23.11,191.9,3771.26555895238
230,230,Bremen,83.08,63.69,73.48,22.6,7.65,132.43,52.66,32.3,191.15,4350.229141930254
231,231,Cologne,84.85,63.77,72.78,38.42,10.26,113.54,57.45,35.94,171.31,8022.84059610008
232,232,Dortmund,85.45,67.25,77.13,32.54,4.8,103.41,51.35,25.73,180.3,2457.090797317295
233,233,Dresden,81.42,61.4,81.12,24.22,7.42,124.92,68.2,24.81,201.54,10767.276860493332
234,234,Duisburg-Germany,89.61,61.72,63.19,60.0,5.79,106.06,42.67,52.33,140.78,-3875.3708006267348
235,235,Dusseldorf,86.37,66.1,74.81,31.92,9.64,121.81,65.12,28.18,188.37,9698.139134607183
236,236,Erlangen,78.84,64.63,80.32,23.04,5.91,188.38,81.02,8.75,242.17,4311.123366429906
237,237,Essen,89.61,67.81,85.73,26.52,6.19,117.92,52.38,42.0,185.87,128.50791125795226
238,238,Frankfurt,84.72,63.99,75.89,33.68,8.01,138.99,53.54,24.16,192.02,6787.419404228217
239,239,Freiburg-Im-Breisgau,85.86,65.01,72.14,15.53,13.47,115.52,66.19,25.88,193.52,3815.323383704753
240,240,Hamburg,82.75,68.57,74.92,29.11,11.57,111.29,57.51,33.0,176.5,19750.35218703448
241,241,Hanover,83.48,64.74,69.68,24.89,7.04,111.71,53.84,21.68,186.34,105.66996693913458
242,242,Heidelberg,82.49,66.21,81.79,15.77,10.41,135.63,75.71,29.27,210.14,4255.009018658073
243,243,Leipzig,82.33,61.1,70.96,22.02,7.85,109.63,58.68,27.24,186.75,5847.324308058624
244,244,Mannheim,81.74,64.99,72.91,44.67,8.54,123.54,56.55,35.53,171.52,2231.27172898305
245,245,Munich,75.98,68.2,77.36,25.05,15.29,111.83,79.66,30.84,186.61,62276.941599078134
246,246,Nuremberg,77.54,64.77,63.1,26.66,10.53,119.14,63.11,36.48,177.28,6066.366312674572
247,247,Stuttgart,81.07,65.19,76.21,39.64,7.66,139.52,65.33,29.52,190.61,45040.29367978097
248,248,Wuppertal-Germany,,57.89,70.0,23.92,5.14,128.19,43.2,24.0,,-2036.8564474131779
249,249,Accra,67.03,32.54,57.11,90.08,352.53,15.82,55.43,52.5,0.0,-89242.85531638058
250,250,Kumasi-Ghana,74.7,,83.33,63.1,,,61.74,3.0,,11381.253535521504
251,251,Athens,95.18,54.2,56.91,56.69,14.87,51.93,44.08,38.84,119.81,-40659.31231311005
252,252,Piraeus-Greece,95.22,,32.87,77.89,11.63,,60.44,30.0,,817.9736756711891
253,253,Thessaloniki,88.39,54.3,55.39,65.5,14.28,46.67,46.27,29.92,115.08,-10370.362612693725
254,254,Guatemala-City,99.89,41.33,63.69,72.81,13.4,29.66,37.99,50.28,98.42,-66938.60304442821
255,255,Quetzaltenango-Guatemala,95.6,,44.44,77.16,6.96,,59.56,60.0,,326.6384291518524
256,256,Georgetown,65.81,45.24,35.45,68.1,31.74,26.1,29.48,52.0,53.64,-7.9966009363592585
257,257,Port-Au-Prince-Haiti,88.04,58.33,35.07,105.0,33.9,11.02,17.55,95.0,0.0,-50483.75296383676
258,258,San-Pedro-Sula,65.62,41.17,27.78,86.21,3.85,37.88,20.23,18.0,83.81,-14719.598989402388
259,259,Tegucigalpa,98.65,35.62,43.86,80.17,12.5,39.28,25.65,21.71,98.59,-51967.07808375499
260,260,Kowloon-Hong-Kong,83.64,71.45,65.96,67.01,29.29,109.37,78.39,41.9,135.15,119023.18910229001
261,261,Budapest,78.41,44.14,52.14,53.05,13.9,66.82,65.9,38.98,133.49,8757.567909742813
262,262,Debrecen,79.07,39.84,57.55,39.04,11.39,64.71,75.95,20.53,161.57,4391.040690168744
263,263,Gyor,79.82,,59.26,21.7,11.23,,70.27,24.33,,2232.6976551736975
264,264,Kecskemet-Hungary,78.18,,61.81,27.59,,,85.64,45.0,,3622.9453384227254
265,265,Nyiregyhaza-Hungary,79.37,,67.06,31.49,9.05,,68.19,22.0,,1874.2519987446958
266,266,Pecs,82.72,44.92,63.03,42.82,13.36,46.61,72.96,16.67,153.18,2452.30427183342
267,267,Szeged,80.97,40.75,60.8,35.29,11.9,66.03,74.19,26.0,162.31,2904.391461540587
268,268,Szekesfehervar,84.38,45.68,59.34,37.36,13.23,63.41,76.63,29.33,158.17,3791.748952286249
269,269,Szombathely-Hungary,81.29,,60.19,20.69,12.08,,85.29,10.0,,2894.277678194097
270,270,Akureyri,58.34,,65.74,30.23,4.64,,78.29,18.0,,306.56089702097046
271,271,Reykjavik,68.81,84.6,67.84,15.47,7.57,100.54,75.57,21.91,190.78,3097.118596234024
272,272,Ahmedabad,49.27,23.06,67.15,72.46,7.81,62.93,67.87,39.04,124.45,4463.717521830017
273,273,Bangalore,89.39,25.95,65.05,82.89,6.55,165.65,45.59,53.55,153.68,-53995.17643527304
274,274,Chandigarh,,20.62,62.85,51.03,14.12,97.71,56.79,31.81,,-1568.383326274188
275,275,Chennai,53.22,22.06,69.4,74.69,9.1,98.91,60.08,46.69,130.66,-21440.814740288988
276,276,Coimbatore,78.1,20.37,68.73,63.06,10.49,50.34,61.99,47.0,126.59,-2727.4672886089543
277,277,Delhi,58.9,24.11,66.68,90.24,8.3,119.79,41.05,57.81,114.96,-505041.2939668483
278,278,Ghaziabad,65.98,20.79,56.81,92.1,9.0,66.66,40.96,58.75,90.0,-52561.24892327454
279,279,Gurgaon,59.87,25.59,65.12,90.8,7.96,125.4,46.37,35.42,130.59,-8020.833618525573
280,280,Hyderabad,73.54,23.22,65.28,76.11,4.91,126.16,56.77,42.41,150.3,8537.31265021663
281,281,Jaipur,57.76,21.3,72.54,61.07,7.1,83.44,65.76,42.25,143.46,9805.025669801631
282,282,Kanpur,69.24,18.65,65.83,88.25,13.38,62.76,53.91,31.5,111.64,-31538.346440631205
283,283,Kochi,58.87,20.25,63.71,71.77,21.2,70.91,58.83,41.43,111.1,-4947.639450532203
284,284,Kolkata,60.9,21.19,59.77,78.41,8.25,67.3,54.05,59.44,105.79,-208946.91540722002
285,285,Mumbai,71.48,24.63,65.34,83.51,31.76,72.62,55.36,54.89,89.36,-284761.74460071087
286,286,Nagpur,55.82,20.42,66.93,60.59,13.92,85.18,61.59,28.85,139.46,-4224.636335094542
287,287,New-Delhi-India,58.9,24.11,66.68,90.24,8.3,119.79,41.05,57.81,114.96,-3925.929282502218
288,288,Noida,58.9,24.35,67.52,91.55,7.6,106.9,44.74,44.12,118.64,-8306.927825097433
289,289,Pune,74.32,24.38,65.66,71.31,6.3,152.62,58.97,44.14,163.22,50999.7683986388
290,290,Surat,58.67,21.0,66.5,55.95,8.32,46.21,65.9,26.84,136.45,433.92459667102105
291,291,Vadodara,,22.06,72.82,64.05,6.63,63.76,68.95,29.48,,10579.803356935716
292,292,Bali,64.28,33.37,62.04,78.6,28.44,17.23,49.76,24.0,81.84,-5548.924664309558
293,293,Bekasi-Indonesia,64.94,,76.98,69.17,9.32,,62.54,60.0,,8270.02395643578
294,294,Jakarta,63.76,30.14,57.18,84.83,14.14,48.31,47.31,53.08,86.86,-638822.8074825153
295,295,Malang,66.98,,65.08,30.78,,,70.31,26.4,,23583.826863721537
296,296,Medan,60.65,,60.56,76.13,18.88,,45.61,30.05,,-33853.047867748224
297,297,Surabaya,55.68,26.23,69.29,55.91,22.26,36.38,63.75,35.31,112.89,-35927.78010903467
298,298,Tangerang,71.84,28.15,74.07,58.49,15.58,29.18,55.42,51.6,109.77,-23858.408467299756
299,299,Esfahan,55.78,23.94,56.02,57.59,20.36,24.43,64.89,35.8,104.17,-14829.85374335276
300,300,Karaj-Iran,68.78,30.88,38.45,73.48,19.26,20.15,38.88,48.75,70.1,-56653.341239706475
301,301,Mashhad,70.3,24.9,49.26,70.72,24.93,24.67,50.79,42.0,82.83,-63905.08175204933
302,302,Shiraz,57.58,34.23,66.19,51.68,32.71,22.5,50.21,27.14,95.61,-26934.609002747868
303,303,Tabriz,67.58,,43.52,67.24,29.71,,65.99,31.46,,6475.666344471554
304,304,Tehran,70.99,29.42,53.15,80.43,37.76,21.25,43.15,52.11,54.62,-396698.11082673527
305,305,As-Sulaymaniyah,,32.85,55.26,43.04,6.82,46.65,76.9,22.5,,8929.616415401355
306,306,Baghdad,36.5,32.84,35.05,92.23,17.2,39.49,43.78,52.6,55.6,-167161.53424440898
307,307,Erbil-Iraq,57.46,34.89,48.97,68.52,7.63,44.26,69.29,26.25,121.17,561.9914437913866
308,308,Kirkuk-Iraq,,,77.78,52.87,4.9,,47.06,10.0,,-6195.564261350261
309,309,Mosul-Iraq,55.02,28.81,22.22,113.79,5.91,52.56,24.73,44.6,53.66,-70872.78986500853
310,310,Cork,89.78,69.59,55.84,26.43,5.99,108.84,64.13,33.91,180.33,2879.1152706785283
311,311,Dublin,85.89,70.34,51.17,41.33,9.51,100.1,46.94,40.62,148.2,-4965.311988419597
312,312,Galway,90.11,62.19,48.71,21.7,6.29,104.63,68.61,31.33,183.03,1302.8159835096062
313,313,Limerick,90.75,59.93,45.96,32.45,5.58,95.93,58.95,27.57,169.49,341.8126954820334
314,314,Waterford,92.31,67.27,27.78,23.92,5.95,97.98,52.78,37.75,159.97,56.35172098499274
315,315,Ashdod,94.68,68.41,70.56,54.89,16.1,72.53,67.87,62.67,131.87,1520.1986246352812
316,316,Beersheba,94.69,,67.59,64.47,7.62,,53.45,17.5,,-354.0136037298512
317,317,Haifa,93.57,64.55,74.1,71.51,9.46,111.29,73.18,27.59,164.56,10181.174483106965
318,318,Holon,95.46,62.76,70.69,58.12,11.25,110.38,63.8,9.0,175.38,2329.926365203269
319,319,Jerusalem,93.88,64.09,72.34,60.87,21.31,88.85,63.03,39.81,139.08,4711.667678295932
320,320,Netanya,93.94,,74.57,41.61,14.92,,42.95,32.44,,-1939.1171009253242
321,321,Rishon-Leziyyon,94.68,,68.4,40.39,14.3,,74.55,45.25,,3161.888531063787
322,322,Tel-Aviv-Yafo,93.88,69.9,73.8,45.92,24.06,97.96,73.79,35.66,157.4,21817.332688538743
323,323,Bari,95.02,53.42,50.14,48.39,8.76,84.89,49.43,16.5,155.78,-176.6568921962157
324,324,Bologna,88.12,63.76,76.43,59.82,11.49,69.18,52.4,32.75,139.7,-1187.6604758394737
325,325,Catania,93.96,49.19,56.05,71.33,5.59,67.72,42.83,32.96,127.7,-3942.293017858767
326,326,Florence,92.45,61.74,68.28,44.17,14.39,66.98,60.46,28.64,150.82,1170.2836764365102
327,327,Genoa,95.0,60.9,67.18,50.87,5.57,84.39,54.95,34.83,156.78,1088.1021243705425
328,328,Messina-Italy,97.52,,37.22,51.8,4.71,,55.47,34.67,,-165.72540442901104
329,329,Milan,88.12,68.32,71.49,67.23,20.07,58.85,48.61,35.85,116.17,-12982.844276552707
330,330,Naples,95.76,55.22,58.98,80.13,13.64,62.54,37.26,43.95,104.6,-17610.56486125941
331,331,Padova,92.84,60.57,73.95,67.5,10.69,72.75,56.46,29.69,141.25,54.322611061440064
332,332,Palermo,97.63,52.68,58.67,66.18,6.03,69.08,55.45,32.06,139.92,-1000.8462778049748
333,333,Parma,87.98,59.35,67.35,65.37,8.35,79.55,62.73,23.0,150.09,1086.595293294945
334,334,Rimini,90.34,57.04,87.96,32.35,7.73,86.92,54.3,16.75,183.84,835.6214407390705
335,335,Rome,93.7,55.28,63.39,55.0,14.88,76.67,50.46,38.18,136.33,-14645.148634530024
336,336,Turin,85.66,58.07,66.17,68.85,8.05,83.53,48.15,27.97,138.77,-52.94401686670426
337,337,Venice,82.39,66.86,63.48,64.18,14.11,61.6,66.32,43.75,125.19,890.692912511705
338,338,Verona,87.02,55.51,65.63,60.76,11.7,83.13,65.51,27.67,149.67,1823.3112264323015
339,339,Kingston-Jamaica,71.58,57.85,51.15,72.11,19.02,28.24,30.19,52.56,71.55,-329.5921782745805
340,340,Fukuoka,86.35,48.46,80.0,41.24,12.19,84.18,82.83,38.17,172.26,50202.95897876399
341,341,Kawasaki-Japan,,,77.78,30.0,,,88.24,85.0,,32487.829206732684
342,342,Kobe,87.2,,86.67,24.01,,,83.12,48.0,,28355.155083291917
343,343,Kyoto,84.41,50.31,83.33,38.15,14.3,97.23,85.6,33.33,181.73,37725.18717547925
344,344,Nagoya,86.22,57.74,84.51,31.53,5.94,86.86,90.38,14.0,202.75,297923.1969987342
345,345,Osaka,84.32,43.81,80.3,48.72,10.12,122.06,67.02,27.73,181.71,112119.83572604791
346,346,Sapporo,72.32,49.74,89.81,22.84,6.59,91.46,93.13,51.0,190.89,62132.523120992286
347,347,Tokyo,85.26,53.38,79.03,42.39,13.86,106.25,75.88,42.54,171.74,684673.4175624223
348,348,Yokohama,86.94,44.22,78.12,27.45,8.77,127.64,85.3,59.67,192.61,107420.5778485162
349,349,Amman,89.05,43.09,65.09,77.25,7.84,43.85,61.46,40.28,120.21,-11083.451716219399
350,350,Irbid-Jordan,93.33,33.03,94.44,75.96,5.23,44.27,58.7,14.0,149.78,-122.17555293339214
351,351,Almaty,58.3,35.21,48.73,78.44,11.99,45.9,46.34,39.73,92.79,-36174.39338394873
352,352,Astana,21.26,32.69,66.96,54.81,8.11,46.88,66.93,33.64,121.35,-1971.5399603306691
353,353,Kisumu-Kenya,97.59,,44.44,0.0,,,89.71,20.0,,9367.935969555847
354,354,Mombasa,74.35,27.4,83.47,73.56,72.0,30.73,36.12,60.0,34.74,-20908.017983400405
355,355,Nairobi,99.79,32.04,62.14,79.76,11.78,33.55,40.54,52.65,97.32,-115272.5801405595
356,356,Nakuru-Kenya,,,51.39,29.31,,,47.13,5.0,,-4064.2457345742655
357,357,Pristina,76.84,30.03,68.27,69.71,14.61,49.26,68.55,21.87,131.87,444.0537526593356
358,358,Kuwait-City,20.22,44.31,57.75,71.07,10.1,119.83,70.21,34.55,133.69,20914.09840634611
359,359,Bishkek,58.11,29.11,54.53,73.87,14.28,28.63,45.61,30.78,93.61,-22968.248898148315
360,360,Vientiane,74.16,37.34,33.73,81.14,20.37,20.25,69.27,21.5,92.0,-4260.400421870971
361,361,Daugavpils-Latvia,64.24,,75.0,41.38,4.26,,63.31,12.0,,333.0323676923259
362,362,Jurmala-Latvia,67.05,,78.97,16.28,,,64.67,21.75,,262.9350990479009
363,363,Liepaja-Latvia,74.05,,55.56,11.06,6.47,,55.67,19.0,,-59.415582781721234
364,364,Rezekne-Latvia,63.14,,72.22,26.72,,,64.37,25.5,,117.96151820530582
365,365,Riga,74.7,51.63,60.48,37.83,8.66,67.54,61.25,31.13,152.13,88.3573012106328
366,366,Ventspils-Latvia,78.84,44.49,56.67,9.86,4.14,64.39,67.0,21.5,182.3,347.20038968946585
367,367,Beirut,94.74,45.27,64.57,93.88,31.5,20.77,53.5,39.55,74.07,-39447.05970839409
368,368,Tripoli-Lebanon,95.09,,38.1,86.78,21.22,,47.36,28.33,,-224.05464035958406
369,369,Maseru,91.79,,55.56,58.62,2.95,,31.2,51.0,,-5963.40452277074
370,370,Monrovia-Liberia,63.71,74.52,38.89,97.66,28.12,25.78,18.85,30.0,40.85,-29109.965300921584
371,371,Benghazi-Libya,95.91,21.51,37.08,65.52,5.29,42.06,43.62,23.67,122.48,-10300.155920106918
372,372,Tripoli,96.54,22.58,41.82,59.23,15.45,35.89,35.96,28.36,109.86,-717.1744909554942
373,373,Kaunas,68.94,46.76,74.5,25.82,10.52,75.86,62.19,24.48,169.57,2419.7849990284085
374,374,Klaipeda,74.05,47.23,76.77,28.18,9.74,74.96,61.08,12.0,176.67,1170.5805700776343
375,375,Siauliai,67.87,,65.74,34.11,5.51,,63.9,15.7,,476.41378987028315
376,376,Vilnius,66.59,48.8,75.99,25.01,13.52,77.2,72.77,26.16,171.71,9859.50552124099
377,377,Luxembourg,82.62,61.54,78.17,19.64,9.01,177.46,70.98,26.56,223.74,3543.824217495204
378,378,Antananarivo,99.27,26.98,37.06,93.04,21.92,13.3,39.38,31.75,70.41,-64120.3992116123
379,379,Lilongwe,98.58,,34.72,81.38,101.22,,52.5,20.34,,-6385.484077267186
380,380,Klang,56.55,27.23,62.69,80.06,9.47,63.45,44.8,26.67,112.8,-15627.41783403804
381,381,Kuala-Lumpur,56.55,34.49,68.36,65.38,7.39,95.32,38.81,41.58,128.51,-139298.56684501792
382,382,Kuantan,58.15,,54.17,47.9,3.18,,69.87,0.0,,4835.602829722339
383,383,Petaling-Jaya,56.55,,68.02,66.07,8.25,,52.07,39.73,,-2821.8928058082547
384,384,Male,58.08,49.82,40.2,79.2,10.59,52.82,36.94,21.75,95.79,-3125.302277816478
385,385,Birkirkara,98.2,59.64,79.63,83.33,9.41,68.35,55.67,14.0,141.84,-11.453346476273696
386,386,Mosta,97.35,,65.97,70.4,6.38,,79.49,31.6,,325.55699659262217
387,387,Sliema,97.44,57.57,56.04,84.09,14.09,67.65,66.98,25.54,126.77,72.47951727590527
388,388,Valletta,97.44,60.06,53.24,74.23,21.76,53.37,63.13,30.75,114.06,-424.62323869715595
389,389,Port-Louis,88.41,38.38,57.53,60.7,11.15,36.06,48.06,68.0,101.48,-2272.5063041363924
390,390,Ecatepec-Mexico,,,34.03,88.55,5.38,,20.09,130.0,,-51594.622619920556
391,391,Guadalajara,92.83,41.43,80.04,58.87,14.4,46.83,37.54,41.81,121.76,-100086.1984478952
392,392,Mexico-City,92.37,43.5,65.73,81.27,16.49,39.07,32.36,52.9,87.41,-589076.7121511927
393,393,Monterrey,80.37,48.25,69.0,71.23,8.38,58.03,51.76,31.82,126.88,-110.2465068343457
394,394,Puebla,91.67,39.65,69.31,63.19,3.36,55.53,41.77,27.2,138.32,-20011.583842042455
395,395,Tijuana,94.58,41.85,74.71,74.16,13.15,53.76,27.95,38.86,110.68,-50747.06772275996
396,396,Zapopan-Mexico,93.01,,91.67,39.53,21.54,,42.84,31.25,,-12988.66401766391
397,397,Palikir-Micronesia,59.92,52.61,44.44,71.98,11.33,15.62,63.24,18.25,101.91,-40.89915474868231
398,398,Chisinau,76.91,36.34,51.44,63.46,10.38,45.66,57.66,28.46,122.76,-4218.611944147548
399,399,Monaco,94.9,108.82,75.0,70.65,61.31,60.21,75.54,22.5,92.94,285.73018198135526
400,400,Ulaanbaatar,-3.54,34.79,45.79,94.42,15.4,27.93,46.88,31.42,54.22,-38201.51219936871
401,401,Budva,89.65,43.41,44.84,22.57,17.36,44.07,72.78,20.0,155.09,165.0543595344323
402,402,Niksic-Montenegro,,34.32,16.2,86.21,7.22,61.88,51.05,7.0,,-256.53934261849815
403,403,Podgorica,88.4,38.47,43.45,50.93,11.17,57.46,55.49,14.82,141.19,-676.409120762393
404,404,Agadir,96.21,29.46,46.77,37.2,19.37,35.58,65.21,29.0,136.0,154.67571075802886
405,405,Casablanca,98.08,33.16,45.04,81.88,15.86,37.78,44.59,44.5,92.11,-419.36210083349465
406,406,Fes-Morocco,86.51,,62.07,64.94,6.71,,36.36,52.0,,-15628.774037671152
407,407,Kenitra-Morocco,96.96,,49.44,83.76,,,58.62,40.33,,9.48817220641322
408,408,Marrakech,83.43,32.06,45.48,83.45,10.63,40.58,57.31,15.0,113.92,-7634.797088008889
409,409,Meknes-Morocco,89.0,,72.27,57.18,8.81,,40.18,6.0,,-5652.442678723342
410,410,Rabat,74.11,32.88,47.63,32.86,15.93,39.43,63.48,34.15,133.07,-16.350434515243112
411,411,Tangier,98.39,30.12,35.61,58.95,16.39,31.76,49.72,42.0,104.9,-13949.344306185822
412,412,Maputo,94.8,42.87,46.99,69.02,57.32,14.9,38.95,30.0,53.21,-34121.00761110739
413,413,Yangon,57.78,44.29,48.6,90.86,16.69,13.01,50.85,51.0,62.14,-1147210.3879617942
414,414,Walvis-Bay-Namibia,98.01,,25.0,74.86,3.44,,40.58,26.0,,-29287.692515761824
415,415,Windhoek,84.97,,67.43,35.04,4.71,,32.58,24.42,,-6937.606307456817
416,416,Kathmandu,92.64,26.52,55.29,95.71,35.71,25.41,63.34,35.29,75.02,-8917.656459317705
417,417,Pokhara,89.71,26.95,70.37,47.69,7.62,25.87,71.74,10.0,157.16,2679.062442064381
418,418,Almere,86.36,62.37,66.79,19.54,6.13,119.07,69.21,32.92,195.88,3957.38419582582
419,419,Amsterdam,87.45,69.9,77.91,24.63,11.14,111.1,70.89,24.51,193.4,31159.454968491315
420,420,Arnhem,84.53,65.07,80.07,11.3,4.52,158.14,67.97,30.75,223.51,3995.8763032003953
421,421,Breda,85.66,63.85,85.19,20.13,5.47,145.77,84.07,31.6,221.9,6340.8850573610825
422,422,Delft,87.81,63.0,77.78,26.43,9.87,107.66,77.04,25.4,195.48,2583.9539255766913
423,423,Eindhoven,85.38,62.34,78.57,19.23,5.99,137.19,77.93,24.54,216.41,7136.538270212251
424,424,Groningen,83.55,59.71,76.95,18.68,4.85,126.86,78.64,20.28,215.28,6551.1389370073275
425,425,Haarlem,88.21,69.95,77.67,25.39,11.53,86.89,75.08,30.83,181.9,3504.1774673354594
426,426,Maastricht,86.62,66.44,69.87,29.41,6.02,122.4,78.55,22.5,201.54,7469.228125033553
427,427,Nijmegen,85.32,,92.95,21.32,8.39,,74.7,17.92,,2393.0625982798506
428,428,Rotterdam,87.89,61.08,81.05,24.46,5.38,139.38,71.61,23.05,213.96,16550.305473553875
429,429,The-Hague,90.61,59.94,80.75,17.54,5.92,137.62,79.76,21.05,223.29,16995.277332384645
430,430,Tilburg,85.53,59.1,74.37,19.12,5.3,121.9,70.02,19.11,208.51,40835.42460313083
431,431,Utrecht,87.16,63.65,80.57,25.1,6.7,128.4,73.75,25.12,207.15,8996.548086286564
432,432,Auckland,99.89,69.29,70.17,31.11,10.07,127.35,50.09,37.43,180.89,7075.685601940578
433,433,Christchurch,88.79,63.21,75.49,24.36,4.35,129.6,55.3,22.75,201.0,4263.364756294272
434,434,Dunedin,,,72.24,18.2,3.96,,74.3,21.5,,1247.0562507895315
435,435,Lower-Hutt-New-Zealand,97.65,,77.78,7.18,8.91,,57.45,24.25,,190.3248624735418
436,436,Palmerston-North,99.7,59.87,62.5,13.59,4.92,131.73,49.62,15.0,208.27,619.3715738279204
437,437,Tauranga,98.04,,66.6,21.79,5.89,,51.44,27.88,,-386.81886131840054
438,438,Wellington,97.68,71.54,64.34,23.6,13.15,87.79,66.96,39.33,171.19,338.4240872883857
439,439,Managua,68.8,,64.09,63.13,10.29,,46.6,53.83,,-8213.945200052474
440,440,Niamey-Niger,35.51,38.45,30.56,46.55,,20.65,27.47,20.0,0.0,-47323.12219118172
441,441,Abuja,79.42,,60.96,57.7,,,41.64,50.25,,-41527.2853212298
442,442,Ibadan-Nigeria,71.84,22.92,57.64,85.34,18.94,10.24,41.65,63.0,62.3,-101173.27641278514
443,443,Lagos,60.75,35.6,47.49,89.0,17.79,12.87,31.61,68.77,45.14,-362.17111559865793
444,444,Bitola,80.97,33.68,56.36,62.15,10.41,39.83,71.13,17.38,137.12,339.111555105006
445,445,Kumanovo,78.37,,31.71,98.35,11.66,,47.94,35.0,,-537.4907458751518
446,446,Prilep,80.19,32.21,50.93,39.66,9.18,40.34,68.55,18.5,149.42,297.0694102637949
447,447,Skopje,76.3,34.89,54.59,83.18,13.81,52.15,53.33,27.27,108.41,-5650.147824853194
448,448,Stip,,,59.03,61.03,9.78,,64.41,13.0,,203.23536268422436
449,449,Tetovo,78.37,,61.11,95.56,5.32,,48.22,34.0,,-407.3393237124021
450,450,Asker,59.99,,41.67,0.0,11.49,,89.45,11.67,,1303.038267424611
451,451,Bergen,78.83,82.97,75.52,20.15,8.17,92.99,74.95,23.39,189.56,294.68635189876943
452,452,Drammen,62.04,,62.25,18.93,7.51,,76.54,18.75,,1361.1233652580268
453,453,Fredrikstad-Norway,68.61,,95.83,27.59,9.74,,58.76,25.0,,108.09497985661869
454,454,Kristiansand,72.77,,75.56,10.31,5.35,,55.35,41.25,,-87.54141651188596
455,455,Oslo,59.99,80.26,77.98,21.87,10.47,111.6,66.13,28.1,181.77,15616.57558750072
456,456,Sandnes-Norway,,,55.79,36.21,5.37,,50.94,12.0,,3191.168802806907
457,457,Stavanger,79.99,81.79,74.76,11.7,5.59,122.09,76.13,24.42,209.69,6304.416188292319
458,458,Trondheim,66.68,88.48,74.44,20.68,9.59,103.32,79.4,29.67,185.97,5200.062560030446
459,459,Muscat,67.22,43.33,62.5,36.18,4.46,97.78,80.29,19.91,183.79,30540.606830375822
460,460,Salalah-Oman,81.92,,44.44,46.55,,,81.68,21.67,,-1497.7780633545408
461,461,Faisalabad,73.55,,57.99,81.75,15.9,,59.18,38.8,,1812.256932714731
462,462,Gujranwala,73.61,,32.41,86.77,,,63.56,10.0,,5996.057307335412
463,463,Islamabad,76.91,20.16,64.91,41.28,14.87,31.01,68.76,36.51,135.72,177.57019600237254
464,464,Karachi,71.32,18.92,56.53,89.42,13.02,27.94,43.51,42.54,83.53,-368663.0282026032
465,465,Lahore,67.56,19.28,61.58,78.74,14.32,29.8,63.54,34.72,104.74,-81909.03646656874
466,466,Multan,54.02,17.68,60.13,79.95,3.96,27.06,61.82,16.5,116.51,-13233.297071234803
467,467,Peshawar,76.2,18.77,65.38,71.6,4.46,29.81,54.47,23.5,124.89,-18823.698715498915
468,468,Rawalpindi,76.14,,52.02,74.33,16.58,,48.88,45.13,,-13619.250673898885
469,469,Ramallah,95.46,51.31,76.11,41.63,6.17,47.04,68.16,29.0,161.61,335.41379794363144
470,470,David,66.56,42.43,80.19,35.59,7.78,62.05,71.17,66.5,145.66,666.1135293243943
471,471,Panama-City,67.84,48.18,58.78,61.35,11.48,42.62,52.82,32.77,116.0,-14754.807635309598
472,472,Lae-Papua-New-Guinea,,,13.89,58.62,,,21.93,8.0,,-5129.174475036887
473,473,Port-Moresby,71.75,56.31,23.95,81.05,532.58,13.57,19.13,31.5,0.0,-42770.26401850206
474,474,Asuncion,92.24,26.8,63.74,68.62,9.9,38.8,48.59,43.59,115.94,-6280.593527955155
475,475,Arequipa-Peru,83.9,27.05,68.52,82.36,11.6,34.45,55.89,33.0,111.39,-9546.447009500243
476,476,Cusco-Peru,82.03,,36.11,32.76,,,59.14,25.0,,298.7368723477928
477,477,Lima,97.69,34.07,58.09,85.3,15.87,32.61,29.09,50.13,82.18,-322.40955976731846
478,478,Piura-Peru,,,5.56,89.66,71.76,,32.35,50.0,,-9935.552802779337
479,479,Trujillo-Peru,98.23,,41.67,60.06,15.75,,33.47,22.0,,-293.89836252011503
480,480,Davao,58.57,31.93,73.2,55.61,23.07,37.71,72.42,27.21,123.15,4832.407476461127
481,481,Manila,61.23,36.25,62.51,89.81,32.22,34.5,35.42,51.75,55.33,-798052.1789426513
482,482,Quezon-City,60.71,36.5,77.18,83.92,13.56,40.13,36.35,60.1,82.13,-78605.90056484776
483,483,Bialystok,76.22,39.15,57.48,42.29,12.02,67.59,77.74,25.33,157.51,4153.518994445423
484,484,Bydgoszcz,77.29,42.78,63.67,56.31,11.49,65.02,67.42,32.75,141.27,1663.5806482859098
485,485,Czestochowa-Poland,70.73,,54.89,47.7,8.12,,87.38,35.0,,4288.572094163723
486,486,Gdansk,75.51,41.72,51.02,52.55,12.37,92.58,67.26,30.08,149.63,3597.818665148323
487,487,Gdynia,75.51,43.29,56.45,30.58,12.25,96.25,77.7,29.05,173.61,4297.8797528690475
488,488,Katowice,72.49,43.11,52.94,61.27,8.39,84.64,65.04,32.29,142.03,1156.8477792845836
489,489,Krakow-Poland,73.86,44.19,57.84,70.67,12.58,87.64,74.16,31.63,139.96,8422.397552486225
490,490,Lodz,77.02,41.41,56.57,58.32,8.27,76.42,60.12,35.38,139.95,260.23656895358886
491,491,Lublin,77.51,38.76,63.07,44.8,12.44,72.57,67.94,24.38,155.69,2479.0969976790298
492,492,Poznan,77.41,41.78,56.95,59.24,9.34,88.28,71.73,32.47,150.51,5736.788114258579
493,493,Szczecin,77.94,40.08,61.18,34.09,8.17,86.97,68.39,31.24,168.91,4315.033209200705
494,494,Warsaw,74.61,44.35,58.35,60.13,12.17,93.54,74.49,34.77,148.79,22780.62712298918
495,495,Wroclaw,78.39,42.79,57.43,61.9,11.3,86.09,73.08,34.05,146.2,7219.059624696745
496,496,Zielona-Gora-Poland,77.4,,59.72,27.59,6.72,,81.05,35.0,,3560.929544333542
497,497,Braga,96.61,43.42,75.77,22.16,8.46,58.89,65.65,15.6,183.52,1874.1906640567554
498,498,Cascais,98.35,,82.05,38.51,15.61,,76.42,12.0,,3113.3542263435197
499,499,Coimbra,97.45,,82.38,30.12,10.16,,78.82,23.06,,2346.59449203517
500,500,Lisbon,98.59,50.08,73.44,35.12,19.65,54.29,70.17,34.61,153.66,5142.771962140984
501,501,Porto,96.61,46.15,79.37,25.04,11.04,61.23,67.68,24.55,177.66,141.1852838778906
502,502,Vila-Nova-De-Gaia-Portugal,96.79,,49.07,30.62,10.78,,71.31,35.0,,3102.9646668809655
503,503,Aguadilla-Puerto-Rico,83.47,,63.89,26.55,,,54.39,30.0,,-91.04389852023128
504,504,Bayamon,71.25,,29.17,62.36,,,25.57,10.0,,-3887.9564301963787
505,505,Ponce,79.56,,36.81,74.14,4.59,,31.61,24.75,,-2081.5768786905955
506,506,San-Juan,71.25,73.68,62.98,48.88,6.96,67.44,31.93,36.25,126.84,-6569.058259939567
507,507,Doha,36.03,52.86,73.39,59.88,5.62,136.14,84.56,29.23,172.65,29221.418542738524
508,508,Arad,81.36,,54.86,40.09,10.66,,70.7,23.2,,227.40117401756333
509,509,Braila,80.42,35.49,27.78,70.4,8.13,54.88,34.63,13.5,111.82,-3561.606682427627
510,510,Brasov,,39.45,52.73,33.93,11.65,58.49,74.88,18.36,,2297.4283194112354
511,511,Bucharest,75.61,41.55,54.81,75.17,9.54,73.47,71.97,40.91,128.24,15528.85260759276
512,512,Constanta,82.83,42.6,35.51,70.64,12.18,42.8,52.08,21.38,110.76,-2936.0376275062436
513,513,Craiova,78.24,37.47,46.86,53.01,11.25,55.47,55.42,21.57,133.6,-1224.4815531329205
514,514,Galati,76.43,35.69,24.65,56.44,9.83,49.37,51.2,19.67,119.82,-2333.8835505240477
515,515,Iasi,73.04,37.46,56.33,58.94,10.28,61.54,67.92,33.67,135.3,1002.6109580194313
516,516,Oradea,81.74,37.71,52.9,36.7,12.12,50.34,78.44,21.5,156.66,2417.1796719402073
517,517,Ploiesti,78.3,37.88,35.49,86.81,11.3,64.53,57.27,29.5,107.03,-1394.4549813040855
518,518,Sibiu,69.39,36.21,62.78,26.03,9.23,66.54,71.57,26.07,167.41,1452.62146973268
519,519,Timisoara,82.05,38.6,71.22,56.18,9.62,70.35,74.33,24.32,158.05,3085.4050228247656
520,520,Chelyabinsk,23.62,26.6,57.28,85.66,11.04,51.15,54.08,28.11,93.43,-17619.953471266057
521,521,Irkutsk-Russia,4.64,33.88,57.65,51.92,14.39,46.29,50.09,29.5,101.03,-10743.848216731318
522,522,Kaliningrad,73.69,30.79,58.44,47.02,15.9,43.0,67.72,30.08,133.63,762.4628965144999
523,523,Kazan,39.56,31.39,66.44,58.46,17.68,51.14,69.02,36.65,116.61,-840.6589618886516
524,524,Krasnodar,78.72,31.75,48.46,56.52,15.93,48.74,66.39,52.11,115.48,-1458.554988878672
525,525,Krasnoyarsk,9.5,30.94,49.34,83.62,16.71,44.25,55.76,43.41,71.22,-19385.811611851597
526,526,Moscow,55.83,40.52,67.13,55.21,18.82,74.63,64.19,50.38,122.55,-11271.78807641593
527,527,Nizhniy-Novgorod,45.51,31.45,74.54,32.62,16.11,51.06,72.24,27.14,146.97,7754.3361160913555
528,528,Novosibirsk,16.14,31.35,56.92,68.69,14.45,49.21,53.1,40.89,90.56,-26453.828795132406
529,529,Omsk,16.4,,45.39,80.86,16.34,,62.62,47.18,,22.47145189266165
530,530,Perm,28.1,29.24,45.81,64.29,13.96,52.16,52.78,41.43,94.49,-16733.364693200325
531,531,Saint-Petersburg,60.64,35.72,61.3,61.31,16.42,60.39,61.47,48.5,114.51,29945.49221964618
532,532,Samara,41.31,30.89,46.87,55.37,15.59,45.06,66.03,42.2,106.87,26340.216965288393
533,533,Ufa,28.12,30.86,60.97,61.3,15.34,50.65,50.95,36.85,101.79,-17714.720603079844
534,534,Vladivostok,23.94,35.62,53.4,66.11,17.2,44.93,58.36,39.36,91.98,-7397.643256638739
535,535,Volgograd-Russia,56.06,,41.11,79.38,17.06,,48.3,30.94,,-8089.261439543987
536,536,Voronezh,57.69,,53.62,66.34,9.82,,61.19,32.65,,1488.784574800321
537,537,Yaroslavl-Russia,55.5,28.4,53.24,78.98,14.97,47.08,62.13,34.43,102.02,-4461.165514627401
538,538,Yekaterinburg,21.33,32.28,53.88,68.84,13.44,52.83,54.95,37.57,95.92,-20177.46905752755
539,539,Kigali,99.74,26.9,71.07,39.22,322.78,25.0,74.86,15.67,0.0,-32878.02988208394
540,540,Castries-Saint-Lucia,70.66,,54.17,46.22,0.33,,43.18,7.0,,-1747.7660692801098
541,541,Ad-Dammam,27.34,45.22,60.18,56.05,2.53,141.93,70.3,27.95,166.71,11393.274306920617
542,542,Jeddah-Saudi-Arabia,66.17,46.36,60.44,66.71,3.77,124.21,73.72,30.46,164.67,62697.8546192446
543,543,Mecca,14.08,,61.11,65.51,3.94,,82.18,20.0,,34792.486421010784
544,544,Medina,26.18,,44.51,74.45,4.59,,83.13,24.5,,303.9643783010351
545,545,Riyadh,44.45,50.44,64.71,63.29,2.8,135.68,74.52,32.46,165.97,118916.81446088706
546,546,Tabuk-Saudi-Arabia,57.14,,58.33,47.41,,,72.94,20.0,,6310.758177203213
547,547,Dakar,85.64,43.86,48.38,97.07,25.83,19.83,55.71,25.0,76.26,-22369.004915234313
548,548,Belgrade,84.14,42.64,53.4,68.04,18.78,50.17,61.86,36.42,113.8,-4344.127104164361
549,549,Kragujevac,,36.1,57.64,59.31,13.16,52.55,65.91,22.83,,446.2534202573141
550,550,Nis,81.53,34.62,47.96,65.38,15.02,50.63,71.3,17.12,131.63,826.0748957930027
551,551,Novi-Sad,84.02,39.91,49.87,53.18,17.0,49.48,60.82,18.21,132.61,-695.9389613242646
552,552,Sabac-Serbia,84.14,,48.15,77.3,,,50.92,10.0,,-3288.643780391315
553,553,Valjevo-Serbia,83.53,,38.89,91.95,,,80.15,8.0,,1340.8661054999495
554,554,Victoria-Seychelles,67.83,66.37,63.19,37.36,4.43,33.01,47.5,29.33,134.2,-302.2359588048697
555,555,Singapore,57.45,78.02,71.92,32.52,18.62,109.21,76.94,40.73,161.61,94442.17596708275
556,556,Banska-Bystrica,,,71.3,43.97,22.75,,77.52,16.0,,1049.5836309410174
557,557,Bratislava,80.72,50.38,55.64,37.05,16.18,72.81,69.5,30.62,151.8,4154.908385409785
558,558,Kosice,75.54,47.61,61.3,49.92,13.08,67.71,68.84,20.11,150.03,1762.1533313083949
559,559,Nitra,,,59.58,27.87,9.3,,68.73,80.0,,601.5798007487923
560,560,Presov,75.15,43.28,57.64,32.76,16.28,65.06,71.95,23.0,156.16,832.5833609170435
561,561,Trnava-Slovakia,78.46,,63.89,26.51,9.23,,73.36,34.25,,721.9448509186378
562,562,Zilina,75.38,45.7,57.32,46.11,10.43,77.78,68.65,13.83,160.84,1002.0470233855697
563,563,Celje,76.84,,70.56,40.0,9.78,,67.37,35.0,,269.1090528860877
564,564,Koper,90.7,,72.62,7.43,15.18,,85.31,33.5,,520.002716572965
565,565,Kranj,76.77,,65.18,15.57,,,72.25,22.67,,391.9807780789406
566,566,Ljubljana,76.11,52.04,66.96,22.54,13.56,78.62,78.85,26.04,176.22,5398.680379605063
567,567,Maribor,79.02,50.52,56.57,25.18,7.04,90.15,76.0,17.54,185.37,1836.1400473163126
568,568,Velenje-Slovenia,78.04,,61.11,43.1,,,66.91,12.5,,164.45935394176578
569,569,Gizo-Solomon-Islands,59.63,60.11,44.44,103.45,,17.24,27.94,36.67,,-5368.529875948215
570,570,Honiara-Solomon-Islands,56.9,,45.83,78.2,689.65,,33.85,36.67,,-3455.238012281523
571,571,Mogadishu-Somalia,67.29,,40.36,66.53,407.56,,27.39,29.0,,-91745.47366644873
572,572,Cape-Town,98.19,35.76,68.82,38.73,5.3,105.61,26.17,42.55,159.62,-85005.09195043301
573,573,Durban,95.61,33.47,58.57,53.07,4.76,88.11,19.44,25.5,144.03,-21971.527642177014
574,574,East-London,98.61,,64.81,56.85,,,24.13,24.25,,-10524.180519147016
575,575,Johannesburg,91.38,39.0,60.25,61.74,2.77,106.07,19.17,40.96,138.26,-219940.4526561158
576,576,Pietermaritzburg,96.94,,40.25,83.39,3.78,,17.46,31.75,,-22692.575339272153
577,577,Pretoria,95.83,35.93,66.25,55.97,2.02,116.07,18.06,45.01,148.47,-18024.62567067826
578,578,Rustenburg-South-Africa,90.03,,61.11,87.75,,,22.77,44.17,,-14011.617313546263
579,579,Busan,79.22,58.4,91.67,53.5,15.6,117.74,77.48,45.33,169.13,69763.09853121333
580,580,Daegu,73.18,,75.0,64.98,17.04,,74.13,24.33,,27011.665391226004
581,581,Daejeon,58.45,54.4,90.28,55.15,11.16,115.0,86.96,36.83,173.29,38376.509371915745
582,582,Incheon,72.43,54.53,96.3,62.61,17.26,106.98,70.95,16.25,168.35,42684.03008271206
583,583,Seoul,68.39,66.25,82.99,57.94,25.53,107.71,75.77,43.08,144.64,341309.1336140538
584,584,Juba-South-Sudan,,,23.61,61.49,,,19.67,0.0,,-14153.476630551695
585,585,Alicante,95.25,45.51,83.95,37.99,7.74,81.44,69.66,23.0,183.61,5117.457529482718
586,586,Barcelona,95.73,52.95,76.92,63.63,11.9,89.24,48.61,30.46,147.85,-77.60644744306542
587,587,Bilbao,95.65,51.33,85.82,28.49,9.14,97.32,47.89,31.0,180.31,936.9580002274644
588,588,Las-Palmas,99.17,44.85,74.37,39.29,6.81,77.32,72.27,13.67,185.55,10592.573556696061
589,589,Leon,37.94,,73.15,57.45,3.65,,29.52,35.75,,-3561.306315021292
590,590,Madrid,85.47,54.01,79.25,37.03,10.47,90.95,72.75,26.83,178.98,1904.7100826687165
591,591,Malaga,96.98,46.44,70.76,31.59,7.27,92.26,71.04,24.47,187.85,340.4221026524835
592,592,Murcia,89.6,,80.22,44.03,12.79,,56.62,39.43,,38.656805174070236
593,593,Sevilla,96.03,49.19,72.95,40.54,8.54,81.48,68.31,32.57,171.16,499.08278630296627
594,594,Valencia,93.84,47.9,80.02,25.49,7.45,81.28,69.37,23.98,189.26,740.3562725773511
595,595,Valladolid,80.38,51.46,76.85,30.21,8.39,91.19,82.8,31.43,186.02,1186.1861479545148
596,596,Vigo,96.17,47.72,72.96,18.79,7.2,84.48,80.17,20.8,200.22,7226.686333242266
597,597,Colombo,59.11,36.52,71.21,60.39,43.32,17.76,57.97,59.83,67.13,-3718.3991066977815
598,598,Kandy-Sri-Lanka,69.18,31.53,82.14,64.85,7.91,27.21,58.62,46.29,118.66,-764.4993496412337
599,599,Maharagama-Sri-Lanka,58.21,,86.11,15.52,,,69.61,20.0,,1634.5610794343154
600,600,Negombo-Sri-Lanka,68.71,,55.56,77.8,,,36.4,15.0,,-2164.0619861344476
601,601,Khartoum,32.95,,46.78,75.98,24.64,,60.95,38.33,,-4375.341141060309
602,602,Paramaribo,64.25,45.3,44.3,53.27,3.51,14.87,49.25,28.88,111.72,-3308.5337026262205
603,603,Boras,72.64,,72.92,48.28,6.0,,53.58,48.5,,-268.6046367910438
604,604,Gothenburg,77.49,62.13,67.26,19.42,8.28,123.68,53.65,25.35,188.92,4174.594331349925
605,605,Helsingborg,78.69,55.97,91.12,43.68,4.02,157.78,44.65,20.83,198.96,487.0872297408348
606,606,Linkoping,74.45,60.05,75.0,11.95,8.03,129.61,59.09,20.0,204.2,1508.37763835103
607,607,Malmo,82.3,63.55,68.23,14.32,5.92,118.09,43.5,25.93,188.93,77.91984536588357
608,608,Norrkoping-Sweden,70.33,,76.11,25.0,6.06,,49.16,15.0,,-689.9042282497558
609,609,Orebro,70.82,,90.0,12.41,5.91,,46.55,16.5,,-801.8101709920018
610,610,Stockholm,69.67,66.7,66.59,18.46,11.42,117.86,53.77,34.1,176.44,10193.213274805317
611,611,Uppsala,66.43,62.5,73.19,12.29,8.06,98.29,57.2,17.08,188.29,1266.7429951860047
612,612,Vasteras,65.6,59.89,51.85,19.98,4.48,127.42,53.46,55.75,168.64,444.7926533829665
613,613,Basel,82.82,108.29,74.79,24.2,7.67,176.67,74.17,24.73,218.28,5432.132652776431
614,614,Bern,75.97,104.08,73.42,17.53,8.9,154.85,78.99,28.06,211.1,4291.948721263186
615,615,Geneva,82.61,105.01,72.04,24.05,12.5,146.91,69.64,28.56,196.63,4643.573672533372
616,616,Lausanne,73.3,108.57,73.54,20.7,10.44,135.14,72.82,24.68,196.88,3529.509959223139
617,617,Lucerne,81.95,112.98,69.14,28.53,8.2,141.43,78.69,29.67,197.54,2436.936817955255
618,618,Lugano,84.1,108.94,72.71,24.18,10.68,125.47,80.16,20.95,199.21,1916.526649408848
619,619,Winterthur,82.27,107.47,60.56,29.42,10.89,158.46,77.17,34.4,195.16,3160.746291551609
620,620,Zurich,81.48,103.58,71.36,22.81,12.53,180.62,77.55,37.49,209.89,14566.813103453544
621,621,Aleppo-Syria,90.08,26.7,32.87,73.85,36.46,8.16,26.09,37.0,52.63,-80999.84124554659
622,622,Damascus,70.11,27.42,37.3,70.0,153.52,5.11,30.55,41.67,0.0,-126560.63514832182
623,623,Kaohsiung,78.82,45.15,88.11,80.51,15.52,66.49,78.03,25.08,140.88,34796.06972268868
624,624,Keelung-Taiwan,87.26,,77.78,63.72,4.31,,93.16,30.0,,9353.774984945994
625,625,Taichung,85.75,47.22,85.15,85.58,17.29,78.29,84.06,18.7,147.58,56964.64661891294
626,626,Tainan,,51.44,91.32,71.58,10.25,68.0,82.06,18.33,,31594.26012011663
627,627,Taipei,84.38,47.82,86.58,48.45,24.69,98.12,84.32,34.43,165.18,57991.587423502046
628,628,Dushanbe,75.22,27.64,61.11,53.49,22.04,15.3,57.27,27.0,110.3,-9004.703095843315
629,629,Dar-Es-Salaam,71.28,26.37,52.86,71.91,89.01,25.97,43.88,29.33,22.98,-295740.7954730289
630,630,Bangkok,58.39,40.14,76.78,77.86,29.3,39.74,60.02,45.59,88.06,-176722.05016281226
631,631,Chiang-Mai,75.93,31.71,84.77,77.79,17.17,41.73,77.98,24.92,130.24,10504.260358271338
632,632,Hat-Yai-Thailand,59.83,,83.33,25.0,,,72.79,10.0,,4206.801652536988
633,633,Khon-Kaen,69.73,,67.78,64.63,11.11,,59.58,10.0,,563.7293511811912
634,634,Phuket,68.52,37.93,75.71,50.63,27.02,31.8,57.7,40.92,109.67,-677.4889453040585
635,635,Dili,,,44.78,62.96,6.71,,57.93,25.0,,21.367607440117396
636,636,Lome-Togo,64.02,34.12,55.56,72.13,7.42,47.78,56.47,7.0,128.48,-214.2164872289738
637,637,Arima,66.68,,61.11,53.45,,,43.95,120.0,,-673.1094951863626
638,638,Chaguanas,66.25,,66.67,88.45,,,25.82,33.33,,-2276.2428966075354
639,639,Couva-Trinidad-And-Tobago,,,55.56,58.62,,,22.06,64.5,,-1207.5367123057208
640,640,Port-Of-Spain,67.55,57.14,48.56,72.55,18.17,40.28,23.64,52.15,71.55,-2895.123802300997
641,641,Princes-Town-Trinidad-And-Tobago,,,47.22,100.0,,,16.18,120.0,,-836.76490512783
642,642,San-Fernando-Trinidad-And-Tobago,67.02,50.18,56.8,66.71,3.94,57.76,27.19,30.0,113.33,-201.25587778359503
643,643,Kairouan-Tunisia,81.62,,5.56,58.62,,,20.1,17.5,,-5033.711627145634
644,644,Sfax,94.52,26.9,44.44,93.83,9.43,35.67,60.33,20.0,109.03,-1807.7904746119193
645,645,Sousse,95.79,27.83,64.58,65.24,15.72,34.74,47.68,28.0,119.51,-3005.2702817543336
646,646,Tunis,93.24,30.09,56.66,74.79,14.75,29.94,51.88,38.94,104.57,-7860.3625026069785
647,647,Adana,88.99,32.41,79.97,38.66,6.93,72.6,44.1,27.89,162.85,-12684.483394563184
648,648,Ankara,91.49,34.32,69.16,65.05,10.21,53.61,60.39,36.25,134.66,-6720.907072882938
649,649,Antalya,91.52,36.48,72.34,43.77,14.4,37.81,71.01,34.93,145.38,1717.6322546503716
650,650,Bursa,93.39,30.9,77.8,47.11,8.98,60.78,70.36,33.83,161.35,27916.495461238235
651,651,Istanbul,93.02,38.96,70.01,68.08,15.12,48.43,52.16,51.42,114.34,-154645.8209283463
652,652,Izmir,96.88,35.16,73.12,60.25,10.6,51.32,67.59,39.86,141.65,20774.124550967852
653,653,Kayseri-Turkey,65.66,,55.95,73.54,5.36,,65.81,22.71,,7237.6140679276305
654,654,Konya,73.73,30.14,69.68,76.49,4.07,70.05,59.5,36.83,133.72,3316.025587283806
655,655,Mersin,,31.11,71.76,37.64,8.43,53.05,65.37,28.67,,5261.112964270727
656,656,Samsun,90.31,32.33,69.75,69.81,6.99,59.23,68.7,34.11,142.23,-6453.395534482404
657,657,Ashgabat,64.68,,47.62,40.36,30.0,,60.22,19.0,,-5311.939161945265
658,658,Kampala,98.41,29.72,48.85,87.32,136.74,17.68,44.44,43.13,0.0,-61314.5280552453
659,659,Donetsk-Ukraine,,,43.75,79.74,,,29.35,35.0,,-957.8282237840149
660,660,Kharkiv,65.35,25.82,49.21,56.94,13.39,38.17,52.47,38.18,109.95,-18579.532083337963
661,661,Kyiv-Ukraine,69.95,28.83,57.9,64.87,18.18,42.77,54.71,43.09,105.09,-33892.91038999788
662,662,Lviv,69.61,26.0,60.97,48.75,14.78,44.91,61.84,32.06,130.56,-2137.430759987656
663,663,Odesa,79.0,27.32,51.0,62.63,13.89,39.62,45.92,36.56,108.89,-17107.13117324951
664,664,Abu-Dhabi,43.89,54.51,72.0,45.48,5.65,156.87,88.19,29.82,193.94,45802.414707252705
665,665,Al-Fujayrah-United-Arab-Emirates,36.1,,85.12,19.25,2.04,,85.53,39.25,,5458.6837497117485
666,666,Dubai,50.27,60.69,69.68,48.66,4.78,123.62,84.02,36.27,174.66,82107.77196637803
667,667,Sharjah,43.35,47.41,60.27,48.21,7.97,94.89,83.75,53.97,146.55,22318.60980485812
668,668,Aberdeen,82.55,63.86,80.29,27.14,3.6,156.94,63.38,31.5,210.28,3824.9031739746492
669,669,Belfast,90.84,61.92,72.26,26.41,4.43,108.84,53.88,38.03,182.41,2244.659941106148
670,670,Birmingham,87.66,60.54,72.14,49.39,7.3,116.11,36.46,33.27,159.83,-25165.41430970277
671,671,Brighton,89.65,68.13,74.64,26.37,12.14,96.83,60.35,35.62,174.31,107.0315417445088
672,672,Bristol,88.51,63.29,71.6,46.46,10.42,107.06,57.88,31.18,166.59,4671.8934795341065
673,673,Cambridge,91.37,67.82,75.52,32.23,9.37,123.92,70.29,34.3,190.58,2708.606793264245
674,674,Coventry,91.52,60.26,53.84,49.65,4.4,162.18,35.15,27.92,177.0,-1763.801099273505
675,675,Edinburgh,84.01,70.76,77.49,28.05,8.11,106.49,68.76,30.96,186.61,8388.961669145992
676,676,Glasgow,84.78,66.25,78.98,34.22,5.17,118.21,54.9,31.31,184.33,4860.73681259033
677,677,Ipswich,86.41,,72.92,32.85,8.9,,60.15,20.1,,653.3578307444491
678,678,Kingston,57.34,67.76,74.58,25.7,6.94,119.68,60.99,40.78,176.07,101.55531474331272
679,679,Leeds,84.59,61.69,80.68,45.11,7.6,124.48,56.1,30.0,179.47,6203.378672524037
680,680,Leicester,88.28,64.37,72.53,35.0,6.05,87.7,53.87,32.54,168.37,57.83674934084703
681,681,Liverpool,90.87,64.43,82.65,30.19,5.1,108.51,51.59,32.2,184.78,2714.1001056937935
682,682,London,88.25,80.44,69.95,58.0,14.65,109.98,45.36,45.06,140.17,-2023.8586337193071
683,683,Manchester,86.95,66.37,74.41,53.3,7.41,100.27,44.73,39.03,152.12,-2656.301819724149
684,684,Newcastle,96.66,68.92,84.4,28.98,,130.2,51.63,32.58,,247.22542255213614
685,685,Nottingham,88.0,64.39,67.82,44.82,13.27,115.46,49.16,31.21,162.03,189.69933102855245
686,686,Oxford,83.55,68.7,72.36,25.48,14.43,95.29,65.93,33.68,172.75,1859.9733593987066
687,687,Portsmouth,88.63,62.76,75.6,50.3,,113.3,55.71,19.86,,1941.2993404850126
688,688,Sheffield,87.91,61.24,81.17,31.16,6.56,109.67,56.6,25.2,187.88,4426.747692985134
689,689,Southampton,88.53,60.9,78.07,48.6,,126.22,47.15,27.67,,-2075.117799424933
690,690,Stoke-On-Trent,86.95,64.28,81.14,40.24,4.55,97.08,52.69,21.17,178.23,1256.902409136225
691,691,Worthing-United-Kingdom,89.36,,68.06,30.17,11.76,,34.97,25.0,,-1611.1851786009236
692,692,Albuquerque,67.06,64.24,62.76,33.85,2.85,143.59,28.35,27.0,173.73,-8819.861017059338
693,693,Anchorage,41.61,85.81,61.47,15.69,2.89,130.19,37.01,26.11,174.06,-1657.220670018381
694,694,Ann-Arbor,56.8,67.87,75.07,32.33,4.16,148.81,77.23,26.71,201.24,4197.761980740323
695,695,Atlanta,89.73,77.21,67.14,45.04,2.42,164.83,36.02,41.34,179.87,-14045.27500814355
696,696,Austin,82.08,67.91,68.79,41.98,2.93,162.34,59.01,35.77,193.73,25926.662597020295
697,697,Baltimore,81.24,74.95,74.38,52.01,2.34,122.03,24.88,31.47,157.84,-34376.43579240614
698,698,Boise,65.11,63.72,78.05,32.54,4.58,151.23,64.72,25.51,200.38,8695.423820756467
699,699,Boston,71.73,87.15,72.71,29.79,6.2,125.85,59.63,44.31,176.21,158.8524368727485
700,700,Brooklyn,79.66,86.2,64.65,50.59,9.13,109.81,55.44,44.56,150.31,10192.98208654852
701,701,Charlotte,84.05,76.21,69.21,35.26,3.86,126.16,52.88,36.64,179.3,9353.873706974404
702,702,Chicago,66.11,81.39,65.25,50.48,3.26,122.44,33.98,41.79,148.15,-95329.42291037554
703,703,Cincinnati,73.24,60.26,67.74,42.99,4.1,150.18,51.84,27.18,185.13,11346.972605579642
704,704,Cleveland,73.11,71.62,80.3,37.61,1.53,114.65,35.92,33.74,169.67,-12301.702652544258
705,705,Colorado-Springs,51.44,70.72,61.1,30.19,2.78,136.72,58.06,26.02,182.32,5832.612064174232
706,706,Columbus,71.29,72.14,70.98,30.63,4.12,120.1,50.66,31.52,178.0,6183.485719297774
707,707,Dallas,81.85,71.65,66.15,41.91,2.73,160.4,48.12,35.18,186.54,33618.12442473527
708,708,Denver,56.28,77.52,69.73,44.26,4.48,126.76,52.93,35.99,164.09,9664.348242559397
709,709,Detroit,66.03,71.89,62.72,60.73,1.22,133.84,25.75,44.19,142.52,-65072.15019979536
710,710,Fort-Lauderdale,84.25,72.83,68.09,29.31,3.99,142.83,50.39,32.18,190.74,1330.6866854539148
711,711,Fort-Worth,81.56,70.8,64.62,53.43,2.35,153.5,57.22,25.19,185.41,10164.151129653601
712,712,Honolulu,95.33,89.0,72.87,37.08,11.27,92.48,52.06,41.59,158.27,929.1817538127516
713,713,Houston,85.53,66.08,69.31,56.84,2.51,156.32,36.45,41.62,169.16,-28088.766245900417
714,714,Indianapolis,69.92,70.11,72.66,43.17,1.83,161.18,39.83,29.54,184.37,-1125.5516415412192
715,715,Irvine,96.82,78.47,73.06,38.36,6.31,157.12,75.19,22.95,210.73,1048.287293579589
716,716,Jacksonville,87.81,68.6,72.57,38.68,4.59,127.74,43.62,34.76,176.6,148.73034802985427
717,717,Kansas-City,75.08,66.57,73.53,32.5,2.74,149.62,41.3,28.05,189.85,1123.9779932654012
718,718,Las-Vegas,57.4,69.57,54.12,52.07,3.44,134.44,44.44,27.42,157.96,-7761.125881562081
719,719,Los-Angeles,95.5,82.12,61.25,67.68,7.21,121.07,46.95,57.32,139.03,-351.72380179708637
720,720,Louisville,78.61,67.73,65.63,45.53,3.59,152.47,43.19,21.82,183.41,1196.0143039408974
721,721,Madison,51.64,65.9,76.38,23.01,3.31,137.26,66.91,27.56,197.11,7902.689012903783
722,722,Memphis,84.42,64.68,45.0,46.45,1.84,139.62,23.05,23.69,162.39,-17086.142836098505
723,723,Miami,85.69,78.02,63.59,38.94,5.92,105.51,47.26,42.86,158.73,-5717.774122596463
724,724,Milwaukee,60.96,70.32,64.99,31.98,1.98,130.11,32.43,30.28,169.11,-12649.87809972512
725,725,Minneapolis,49.46,72.56,71.46,29.31,2.71,148.1,44.14,35.67,179.04,-276.5759336097355
726,726,Nashville,83.02,73.01,63.83,36.4,3.8,128.26,52.32,38.98,175.81,6511.046613645175
727,727,New-Orleans,86.5,74.78,63.3,50.44,3.28,113.47,32.59,29.27,156.81,-10038.375589915084
728,728,New-York,79.66,100.0,62.69,58.28,12.77,100.0,49.22,43.56,132.84,-50328.22479743748
729,729,Oakland,96.4,93.46,77.54,40.87,6.21,126.44,31.04,37.69,167.6,-3555.504617837196
730,730,Oklahoma-City,77.61,72.48,69.19,27.19,4.01,116.09,51.26,29.41,181.53,4549.467624604073
731,731,Omaha,59.79,73.93,77.36,29.88,2.22,128.06,54.86,18.75,190.62,7117.081539532737
732,732,Orlando,87.23,71.07,62.81,34.9,3.04,135.53,50.22,36.34,181.93,9690.096897171592
733,733,Philadelphia,77.98,76.76,70.19,48.24,4.06,116.47,34.19,40.41,153.66,-57061.67310462036
734,734,Phoenix,53.76,69.28,67.18,57.15,3.04,145.53,46.3,32.97,161.6,-4049.4137379391123
735,735,Pittsburgh,72.13,73.79,72.55,47.97,2.69,141.63,61.42,37.89,179.43,22113.997562819204
736,736,Portland,89.56,79.31,71.8,31.72,3.58,137.04,43.17,32.65,186.0,19.642858024376107
737,737,Queens,80.34,,60.19,50.29,5.61,,52.59,44.4,,-30.9240378546125
738,738,Raleigh,83.88,76.89,66.92,30.86,6.9,125.87,61.69,35.16,183.18,15037.005547511155
739,739,Reno,62.28,70.19,61.4,29.94,4.26,136.57,54.77,24.02,184.09,3495.533967857548
740,740,Riverside,86.63,,58.61,54.33,5.0,,59.76,54.25,,4846.140961316651
741,741,Sacramento,90.64,84.55,68.51,46.79,4.19,129.23,50.49,27.04,177.19,-127.76863089811546
742,742,Salt-Lake-City,66.52,67.18,68.43,61.26,3.0,147.97,65.8,34.0,174.08,6542.755784244185
743,743,San-Antonio,80.58,65.57,67.42,43.86,5.34,130.15,52.19,31.74,174.98,480.00748513192144
744,744,San-Diego,97.08,80.28,67.87,39.77,6.23,139.94,59.56,35.25,186.87,87.85432705607852
745,745,San-Francisco,97.26,91.15,64.16,50.03,7.31,157.81,38.4,49.84,165.71,-1639.531846764019
746,746,San-Jose,95.53,85.4,64.57,50.57,7.34,161.2,52.04,38.75,179.2,-47.20658402815171
747,747,Santa-Ana,96.79,,54.44,55.0,,,44.38,40.0,,-624.8272621956191
748,748,Santa-Cruz,95.44,,70.08,21.92,6.61,,57.84,33.44,,-15837.96892825671
749,749,Seattle,91.73,82.49,71.47,30.86,5.01,160.93,46.24,42.59,191.53,22280.251204258413
750,750,Spokane,67.12,70.69,65.15,23.72,3.01,129.33,44.5,23.49,184.78,361.9529587709236
751,751,Tampa,84.67,78.91,67.76,32.46,2.91,140.16,54.9,36.2,188.3,29264.71889316719
752,752,Tucson,72.66,69.1,61.27,27.91,3.38,125.85,45.53,27.35,179.26,390.3746646982632
753,753,Tulsa,79.3,65.72,70.59,28.77,2.26,142.03,47.21,19.05,197.55,3909.117835558536
754,754,Washington,81.62,83.45,70.14,42.1,6.56,134.92,39.87,41.18,165.6,-218.6044810687621
755,755,Maldonado-Uruguay,99.26,57.96,50.0,15.52,13.44,35.38,56.53,55.0,138.42,-371.27032936537483
756,756,Montevideo,98.04,54.82,68.47,47.18,9.26,61.93,44.04,40.09,140.62,-16046.330645856817
757,757,Tashkent,69.79,27.7,62.4,52.47,11.98,39.07,71.31,35.06,132.26,9079.670089730404
758,758,Port-Vila-Vanuatu,83.58,77.48,40.51,40.14,17.04,23.39,60.29,15.0,124.51,82.94790109500035
759,759,Caracas,99.93,43.6,38.13,73.87,28.57,11.22,18.29,33.71,63.16,-95167.34260880004
760,760,Can-Tho-Vietnam,,,66.67,43.97,,,76.47,5.0,,16357.08734102012
761,761,Da-Nang,70.79,28.34,82.13,54.3,16.56,41.17,75.42,27.11,141.48,0.0
762,762,Hanoi,79.04,30.02,57.75,89.43,20.59,41.03,64.66,28.55,100.7,-42245.96985972587
763,763,Ho-Chi-Minh-City,63.44,31.03,60.18,92.5,32.86,38.02,48.27,31.86,71.0,-324792.6395386601
764,764,Hue-Vietnam,65.78,27.55,91.67,8.62,22.59,30.58,87.82,7.0,180.14,13798.451012538782
765,765,Aden-Yemen,75.72,,52.78,90.95,16.92,,51.47,15.0,,-2443.3208241301186
766,766,Lusaka,,39.71,52.27,84.8,51.72,23.91,56.11,38.86,,-17224.096528522616
767,767,Harare,96.76,39.33,42.39,82.0,19.47,25.65,38.68,29.73,85.88,-51586.32134066476
786,786,Alanya-Turkey,,,85.56,36.14,18.66,,80.78,18.8,,-546.27
788,788,Albufeira-Portugal,98.0,,54.17,45.75,7.69,,67.44,10.0,,53.32171609761036
792,792,Alice-Springs-Australia,73.52,,82.87,33.5,5.18,,27.9,10.0,,152.42075232796162
794,794,Almada-Portugal,98.58,47.89,53.47,24.86,17.2,46.75,53.44,40.0,141.1,212.42764987842426
798,798,Amadora-Portugal,98.35,42.71,82.41,49.71,12.36,56.01,47.64,0.0,162.2,212.14942751816
801,801,Ambato-Ecuador,99.77,,68.29,41.91,6.43,,29.42,34.0,,-179.48922209412848
802,802,Amravati,59.2,,79.17,68.61,,,46.7,25.0,,55.19329204344532
806,806,Anantapur-India,,,41.67,52.08,,,66.42,22.5,,26.79205005823017
808,808,Angers-France,91.82,61.82,75.0,12.02,11.08,109.38,61.28,33.17,193.14,172.18175948303977
817,817,Aracaju-Brazil,82.57,,55.95,20.69,11.12,,38.92,27.4,,-135.7022755299326
823,823,Arkhangelsk-Russia,31.17,,59.72,64.66,8.14,,52.94,15.4,,279.26931702398986
831,831,Astrakhan-Russia,64.84,,41.25,60.2,12.02,,63.18,12.0,,420.52603589823684
833,833,Aveiro,97.64,45.19,77.16,39.16,12.64,56.95,74.93,17.12,171.82,-3.6742897378325354
837,837,Bacolod,,,71.11,73.01,,,49.65,32.0,,0.0
841,841,Bahia-Blanca-Argentina,91.54,,67.59,63.45,20.0,,54.15,30.0,,-30.27687299650615
843,843,Baia-Mare,78.69,,58.33,45.28,13.42,,57.83,19.07,,-422.0382696660753
845,845,Balikesir-Turkey,87.55,37.57,73.61,51.18,6.85,32.84,62.56,18.67,148.98,-1875.915
848,848,Banda-Aceh-Indonesia,,,51.39,25.86,,,65.76,17.0,,-167.3680062349076
850,850,Bandung,92.13,,64.96,67.92,18.56,,60.68,42.14,,-306.14409034339593
851,851,Bangor-United-Kingdom,91.16,,75.46,24.89,,,75.34,70.0,,195.23520000000002
857,857,Barnaul-Russia,16.93,28.59,48.61,93.97,15.58,42.67,65.39,42.33,72.6,500.99479382328104
859,859,Barreiro-Portugal,98.53,,58.33,52.99,10.25,,48.21,0.0,,93.59547137583996
861,861,Basingstoke,86.77,,77.55,11.21,11.72,,53.41,32.5,,343.536
863,863,Bat-Yam,93.83,60.01,72.22,44.83,9.31,110.42,70.55,30.0,179.41,244.09424911581874
866,866,Bayamo,80.07,48.86,77.78,75.86,93.12,1.11,81.62,64.19,18.37,-588.4582933726928
871,871,Belgaum,83.09,,30.01,73.1,4.35,,47.97,12.25,,49.083112286224775
872,872,Belgorod-Russia,64.98,,56.94,39.12,15.7,,65.51,33.83,,269.7508238092651
886,886,Bhopal,66.57,19.55,57.48,57.96,14.2,72.58,55.9,32.53,131.1,183.4548376936896
898,898,Buenaventura-Colombia,58.56,,38.89,74.14,13.94,,0.29,116.89,,-823.6588133048647
901,901,Bukit-Mertajam-Malaysia,59.49,,77.78,43.97,,,73.08,23.5,,317.4040998474991
908,908,Cairns,89.82,,69.76,27.18,9.32,,38.28,32.55,,950.6371274210313
912,912,Campinas,98.87,,61.27,45.05,16.82,,33.77,28.44,,-245.94270316912602
913,913,Campo-Grande-Brazil,96.36,32.77,66.2,21.95,17.65,27.29,45.38,36.12,138.59,-181.8966203560556
918,918,Carlisle-United-Kingdom,91.21,,57.22,21.55,5.02,,66.68,18.0,,241.2768
936,936,Chiang-Rai-Thailand,80.77,,60.98,74.68,,,85.72,12.33,,-14.122
937,937,Chiba-Japan,,,76.85,17.82,,,70.09,32.5,,682.9401654830771
951,951,Cochabamba,88.74,,43.89,83.0,11.14,,26.27,28.4,,-874.3075471657039
961,961,Darwin,79.19,,57.27,23.95,,,37.89,21.11,,907.6578378245896
963,963,Denizli,78.69,,77.31,56.41,,,77.03,56.75,,-1541.673
964,964,Derby,88.79,68.77,75.69,29.83,9.44,115.22,56.03,33.27,181.14,865.4976
967,967,Dijon-France,84.03,65.26,72.22,40.31,9.87,91.68,48.37,30.0,159.49,175.7748358256786
974,974,Dundee,89.56,64.04,88.69,16.38,9.31,108.83,51.5,20.83,197.57,-10.4772
976,976,El-Paso,72.05,64.87,62.21,45.49,2.2,150.28,68.36,25.92,191.22,-45.45010421804112
982,982,Ensenada,96.82,,93.6,43.83,,,60.68,37.0,,-5.513413310363838
992,992,Faro,98.08,,56.56,26.93,12.21,,73.8,28.0,,-1.7451707294486143
998,998,Galle,58.21,,52.78,46.55,,,70.17,15.0,,-139.677
1001,1001,Gaziantep,73.21,,60.56,61.7,13.43,,47.4,16.0,,-561.4350000000001
1002,1002,Geelong,95.0,,55.39,31.69,,,40.01,38.86,,1168.5334035475819
1010,1010,Granada,86.55,49.78,77.06,38.74,6.06,95.47,68.41,23.45,183.47,-19.23683093544749
1015,1015,Hadera,93.96,,86.11,74.14,9.12,,76.1,45.0,,185.56011199824295
1022,1022,Hastings,,63.26,88.89,26.1,5.79,92.79,43.5,30.0,,291.3696
1025,1025,Hiroshima-Japan,87.1,,91.67,25.98,,,69.4,45.0,,839.5559951084874
1035,1035,Indaiatuba-Brazil,98.96,,81.48,20.26,12.88,,61.76,40.0,,-51.893825653831385
1043,1043,Jaffna-Sri-Lanka,,,55.56,63.55,,,53.36,23.33,,-132.207
1049,1049,Johor-Bahru,64.46,33.36,61.61,63.36,6.79,68.83,50.37,34.87,129.05,759.9773664275635
1054,1054,Kanazawa-Japan,85.29,,77.78,1.72,,,97.06,30.0,,323.15106002600515
1063,1063,Karlsruhe,81.28,64.95,74.06,18.73,8.09,114.06,63.42,24.43,194.76,561.7070575075884
1070,1070,Kefar-Sava,93.46,62.23,88.89,54.14,10.33,134.28,80.31,46.0,184.93,194.02167129884393
1072,1072,Kerman-Iran,51.9,23.15,61.11,46.84,14.89,27.49,55.83,15.0,124.73,-225.62349078956697
1076,1076,Kielce,,,66.67,35.06,9.05,,71.92,24.67,,-1140.0534
1077,1077,Kinshasa,80.95,64.54,21.3,81.9,44.36,12.6,28.27,75.0,11.76,-1347.8639163800792
1085,1085,Kota-Bharu,,,77.78,46.85,,,58.68,10.0,,749.9688122458642
1093,1093,La-Plata-Argentina,97.52,,60.19,60.2,7.0,,31.53,39.11,,-19.481270381293857
1099,1099,Leiria,97.45,,64.09,27.97,9.45,,70.5,19.5,,151.9263630693875
1105,1105,Loja,,,81.48,17.24,,,68.44,20.0,,-204.85375086485234
1115,1115,Magdeburg,,,58.33,17.64,,,69.15,26.8,,433.5366772932923
1120,1120,Malatya-Turkey,66.36,,86.11,55.75,,,71.94,37.5,,-639.5715
1125,1125,Manizales,100.0,,70.0,33.16,,,60.7,23.33,,-863.5386
1127,1127,Maracay-Venezuela,88.27,31.4,31.94,97.13,6.65,23.95,18.09,16.0,78.29,1245.8416
1131,1131,Mary-Turkmenistan,69.42,,94.44,3.45,,,22.06,7.0,,-214.4397
1147,1147,Mendoza-Argentina,87.76,26.33,58.33,36.18,11.61,50.87,34.42,36.5,133.53,-11.675223492644115
1158,1158,Modena,87.99,63.92,77.82,61.21,8.89,71.71,53.08,39.33,139.93,591.9638552532131
1171,1171,Morelia-Mexico,95.97,,82.22,47.2,,,43.1,28.75,,-809.9485218473105
1187,1187,Napier,,,66.67,25.46,3.22,,39.66,9.33,,302.25827494996963
1188,1188,Nassau,85.98,98.76,40.9,58.69,5.72,45.49,35.16,28.5,111.81,888.7395042748044
1194,1194,Nellore,,,71.3,79.15,5.57,,63.38,33.33,,54.932918722223164
1195,1195,Nha-Trang,69.9,,73.61,57.95,18.4,,62.64,8.0,,-78.45580000000001
1199,1199,Norwich,88.7,,77.93,36.25,6.18,,74.18,33.12,,59.74465764320007
1213,1213,Olsztyn,,,50.0,33.71,9.12,,76.36,24.88,,-1038.3725
1214,1214,Opole-Poland,77.8,43.78,48.61,57.03,8.19,81.11,79.84,26.5,153.91,-777.0606999999999
1220,1220,Oyo-Nigeria,,,6.94,103.45,20.5,,25.0,42.0,,-79.54491431799782
1230,1230,Patna,61.71,20.24,55.0,89.28,14.95,54.58,48.74,27.5,98.53,171.24104786694846
1235,1235,Pereira,98.81,,73.33,73.28,,,59.35,45.0,,-1122.0526
1250,1250,Portmore-Jamaica,80.74,,100.0,70.99,,,29.33,68.5,,-1159.1257490790015
1251,1251,Preston,90.03,,78.89,17.17,,,25.98,26.43,,453.76320000000004
1254,1254,Puerto-Vallarta,82.19,,87.16,57.44,10.11,,64.15,22.44,,-179.83703508233987
1258,1258,Qazvin-Iran,,,50.0,61.61,15.76,,59.12,28.0,,-122.31409712625604
1259,1259,Qom-Iran,57.14,,41.67,68.48,17.75,,70.66,45.0,,-368.3314630910705
1260,1260,Quetta,70.13,,46.3,89.26,89.96,,45.4,13.75,,-1015.3066434482788
1265,1265,Ramat-Gan,93.88,68.47,74.72,62.12,14.87,91.18,77.86,21.83,162.54,307.2479341103868
1270,1270,Rehovot,95.46,,69.75,56.52,11.02,,77.61,46.0,,257.3708005657824
1271,1271,Reims-France,84.26,,79.17,22.41,7.51,,45.83,40.5,,197.21642150630902
1274,1274,Reynosa-Mexico,90.0,,80.56,49.48,,,30.7,21.5,,-474.6593095906365
1285,1285,Saint-Louis,74.75,68.78,81.09,37.47,1.59,163.35,29.97,27.07,190.7,25.516150025859694
1289,1289,Salem,88.44,,64.79,16.12,3.92,,50.86,21.06,,69.4255154418126
1291,1291,Saltillo,92.15,,84.95,39.23,6.26,,62.35,33.0,,-695.8215384556798
1293,1293,Samarinda-Indonesia,,,36.11,35.63,,,75.0,25.0,,-598.6450848115201
1305,1305,Santa-Marta-Colombia,61.06,31.36,71.3,68.52,26.97,20.77,44.45,8.0,99.62,-979.5564
1306,1306,Santa-Rosa,91.21,,79.14,31.08,6.04,,62.58,38.75,,-10.288
1318,1318,Semarang,66.53,,58.33,50.34,21.51,,62.01,27.4,,-1145.5529926657018
1319,1319,Sendai,87.62,46.19,80.56,12.59,3.66,139.29,89.56,47.5,221.5,744.807417847435
1324,1324,Shepparton-Australia,87.97,,32.41,32.76,,,21.05,20.0,,200.9519033073234
1325,1325,Shizuoka-Japan,89.75,,84.49,29.6,2.82,,94.12,20.0,,479.03481481500364
1339,1339,Svendborg-Denmark,83.31,,100.0,5.75,4.27,,95.29,72.5,,74.39222530107615
1340,1340,Sylhet-Bangladesh,,21.2,55.56,54.44,6.45,37.97,47.19,14.0,,-1418.3466010396592
1343,1343,Tacloban-Philippines,57.75,,69.44,46.55,,,59.76,10.0,,0.0
1349,1349,Tarija-Bolivia,94.83,27.96,33.33,58.62,11.24,32.66,50.32,43.0,108.56,-276.12661869303133
1350,1350,Tavira-Portugal,98.0,,88.89,24.14,11.54,,68.19,15.0,,31.122882617070804
1352,1352,Tepic-Mexico,95.54,,75.0,52.3,,,45.69,25.0,,-270.64992077139397
1353,1353,Teresina-Brazil,52.4,,62.78,39.66,,,23.43,43.0,,-192.7355277679611
1358,1358,Toledo,68.78,58.54,53.17,45.98,2.04,132.07,32.56,45.67,151.93,-30.054263823914756
1361,1361,Tomar-Portugal,97.38,,75.0,12.07,,,74.36,20.0,,48.25716480323659
1365,1365,Torres-Vedras-Portugal,98.38,,83.75,24.14,12.29,,62.7,5.0,,95.04703015781794
1368,1368,Tours-France,90.35,60.99,72.22,16.81,,97.87,57.7,8.0,,151.4471790372775
1374,1374,Tula-Russia,,,50.31,57.43,10.91,,71.38,40.2,,366.0566268999605
1376,1376,Tuzla,86.08,33.12,44.1,76.81,13.07,63.61,57.03,30.5,117.44,-43.94865765071486
1383,1383,Veracruz-Mexico,83.51,40.67,77.13,32.41,5.01,45.38,50.8,12.0,165.56,-342.30732566334274
1386,1386,Vijayawada,54.22,21.82,63.19,72.79,13.5,48.92,64.81,38.78,111.72,104.6950617142374
1392,1392,Vila-Real-Portugal,,,62.5,6.47,6.77,,74.75,18.0,,62.00979270196498
1399,1399,Viseu,,41.64,62.22,20.46,8.55,55.7,85.35,16.0,,-11.691362827776132
1405,1405,Windsor,66.96,61.21,59.91,52.03,5.48,117.44,54.53,22.15,163.16,1664.3700972699744
1417,1417,Zrenjanin-Serbia,84.14,,22.5,82.57,14.21,,57.19,22.0,,0.0
